"ID",,,,,"è≥ë¯",S1111,S1121,S1211,S1221,S1TTL,S2111,S2121,S2131,S2211,S2221,S2231,S2TTL,S3111,S3121,S3131,S3141,S3211,S3221,S3231,S3TTL,S4111,S4112,S4121,S4131,S4141,S4211,S4221,S4231,S4241,S4311,S4321,S4331,S4341,S4351,S4TTL,S5111,S5121,S5131,S5141,S5211,S5221,S5311,S5321,S5411,S5421,S5511,S5521,S5TTL,S6111,S6121,S6131,S6211,S6221,S6311,S6321,S6TTL,STTL,101,102,103,104,105,111,112,113,114,115,116,117,118,119,1110,1111,1112,1113,1114,1115,1116,1117,1118,1119,1120,1121,1122,1123,1124,1125,1126,1127,1128,1129,1131,1132,1133,1135,1136,1137,1138,1139,1140,1141,1142,1143,1144,1145,1146,1147,1148,1149,1150,1151,1210,1211
="22",="02",="0002",="05",="000",="1",2,1,2,2,7,2,2,2,2,2,2,12,2,2,2,1,2,2,1,12,"",2,2,2,2,2,2,1,1,2,2,2,2,2,24,1,2,2,2,0,0,2,2,1,2,2,2,18,1,2,2,2,2,3,2,14,87,0.93,0.46,1.39,0,0.93,2,5,287,237,70,1,1,1,1,2,2,2,2,2,1,42,77.3,13.1,30,0,30,6,2,2,4,1,2,2,2,1,2,1,1,2,2,2,2,2,2,2,37,0,0,2162,394,1218,0,0,0,2,2
="22",="02",="0002",="06",="000",="1",1,1,1,2,5,1,1,2,2,2,2,10,2,2,2,2,2,2,1,13,"",1,1,1,1,2,2,1,0,2,2,1,1,2,17,1,2,2,1,1,1,2,2,1,1,1,1,16,1,2,0,1,2,3,2,11,72,1.06,0,0,0,1.06,2,5,333,283,65,1,1,1,1,2,1,1,2,2,1,43,67,13,27,1,24,7,2,2,2,1,2,2,2,1,4,1,1,1,1,1,1,2,1,2,37,0,0,1894,831,720,0,0,0,2,2
="22",="02",="0002",="09",="000",="1",1,2,2,1,6,2,2,2,2,2,1,11,2,2,2,2,1,1,2,12,"",2,2,2,2,2,2,1,1,2,2,2,2,2,24,2,2,2,0,"","",2,2,1,1,1,1,14,2,1,1,2,2,3,2,13,80,0.81,0,0.81,0,1.21,2,2,369,238,69,1,2,1,2,1,2,2,2,2,1,45,82.7,22,27,0,27,9,2,2,4,1,2,2,2,1,2,1,1,2,2,2,2,2,2,2,40,0,0,2481,1015,1234,0,0,0,2,1
="22",="02",="0002",="10",="000",="1",1,1,1,2,5,2,2,2,2,2,2,12,2,2,2,2,1,1,1,11,"",2,2,2,2,2,2,1,1,2,2,2,2,2,24,2,2,2,1,1,1,2,2,2,1,1,1,18,1,2,2,2,2,3,2,14,84,0.95,0,0,0,0.47,2,2,238,224,70,1,2,1,1,1,2,2,2,2,1,46,68.2,10,25,0,30,8,2,2,4,1,2,2,2,1,2,1,1,2,2,2,2,2,2,2,0,0,0,2107,558,756,0,0,0,2,2
="22",="02",="0003",="02",="000",="1",2,1,1,2,6,2,1,1,1,2,1,8,2,2,2,1,2,2,2,13,"",1,1,1,1,2,2,1,1,1,1,1,1,0,14,1,2,2,1,0,0,2,2,1,2,1,1,15,1,1,2,2,2,3,1,12,68,2.3,0.33,0.66,0,1.32,2,1,628,572,83.1,1,2,1,1,2,2,2,2,2,1,50,95.4,10.72,30,0,29,6,1,2,8,1,1,2,2,1,1,1,1,2,2,2,2,2,2,2,0,0,0,3038,688,1435,0,0,0,2,2
="22",="02",="0003",="03",="000",="1",2,2,2,2,8,2,1,2,2,2,2,11,2,2,2,2,2,2,1,13,"",2,1,2,1,2,0,0,1,0,0,0,0,2,11,1,2,2,2,2,1,2,0,1,2,2,2,19,1,1,2,2,2,2,2,12,74,2.16,0.36,0.36,1.08,0,2,1,628,50,96.3,1,1,1,1,1,2,2,2,2,1,50,93.5,10.6,33,0,31,8,1,3,8,1,1,1,2,1,2,1,1,2,2,1,2,2,2,1,30.6,0,0,2776,859,1744,0,0,0,2,1
="22",="02",="0003",="04",="000",="1",2,1,1,2,6,2,2,2,1,2,2,11,1,2,1,2,2,2,1,11,"",2,1,2,2,2,1,1,1,2,2,2,2,2,22,2,1,2,1,1,0,2,2,1,1,2,2,17,1,2,0,2,2,2,1,10,77,2.02,0.34,1.34,0.34,0.67,2,2,628,572,83.1,1,1,1,2,1,2,2,2,2,1,50,99.6,20.7,30,0,30,6,1,3,8,1,1,1,1,1,2,1,1,2,2,1,2,2,2,2,31.7,0,0,2975,1399,1322,0,0,0,2,2
="22",="02",="0003",="05",="000",="1",2,2,2,2,8,2,1,2,2,0,1,8,2,2,2,2,2,2,2,14,"",2,2,2,1,2,2,1,1,2,2,2,2,2,23,2,2,2,2,1,1,2,2,1,2,1,1,19,2,2,2,2,2,2,2,14,86,3.31,0,1.1,6.63,3.31,2,2,608,454,93.5,1,2,1,1,2,2,2,2,2,1,50,98,11,32,0,32,8,1,2,8,1,1,1,1,1,2,1,1,2,2,2,2,2,2,2,0,0,0,2716,877,1028,0,0,0,2,1
="22",="02",="0003",="07",="000",="1",1,1,1,1,4,2,1,2,2,2,2,11,0,0,0,0,2,2,1,5,"",2,1,2,1,2,0,1,1,2,2,2,2,2,20,2,2,2,2,1,1,2,2,2,2,1,2,21,1,2,2,2,2,3,2,14,75,3.15,3.15,2.1,0,0.7,2,1,50,612,78,1,1,1,2,1,2,2,2,2,1,50,85.5,12.9,32,0,32,6,1,2,8,1,1,1,1,1,2,1,1,2,2,2,2,2,2,1,31.4,0,0,2765,700,916,1227680537,0,0,2,2
="22",="02",="0003",="08",="000",="1",2,2,1,2,7,2,1,2,1,2,2,10,0,0,0,0,2,2,1,5,"",2,2,1,1,1,1,1,1,2,2,2,2,2,20,1,2,2,1,1,1,1,2,2,2,1,1,17,1,1,2,2,2,2,2,12,71,0.78,0.78,1.17,0,0,2,2,521,498,98.2,1,2,1,2,1,1,1,2,2,1,46,93,13.8,29,0,27,7,1,2,8,1,1,2,2,1,2,1,1,2,2,2,2,2,2,2,0,0,0,2571,1107,692,0,0,0,2,2
="22",="02",="0003",="09",="000",="1",2,1,1,1,5,2,2,1,1,2,2,10,2,2,2,2,1,2,1,12,"",2,2,2,2,2,2,1,2,2,2,2,2,2,25,1,1,1,0,0,0,2,2,1,1,2,2,13,1,2,2,2,2,2,3,14,79,0,0.51,1.02,0,0.51,2,2,628,572,83.1,1,2,1,2,2,1,2,2,2,9,52,74.1,7.63,48,0,44,5,1,3,8,1,1,2,2,1,1,1,2,2,2,1,2,2,2,1,0,0,0,1960,115,884,0,0,0,1,1
="22",="02",="0003",="15",="000",="1",1,1,1,2,5,0,1,1,2,0,0,4,2,2,2,1,0,2,0,9,"",1,0,1,"",2,2,0,0,2,1,2,2,0,13,1,"",2,0,0,0,2,0,1,1,1,1,9,1,1,2,1,2,1,2,10,50,3.44,0,0.69,0,0,2,2,510,510,93.5,1,2,1,1,2,2,2,1,2,6,50,47.8,43.8,22,0,19,2,2,2,8,1,1,2,2,1,2,1,2,2,2,1,1,2,2,2,0,0,0,1454,32,185,0,0,0,1,1
="22",="02",="0003",="16",="000",="1",2,1,2,2,7,2,1,1,2,1,1,8,2,2,2,2,2,2,1,13,"",2,1,2,1,2,2,2,1,2,2,2,2,2,23,2,2,2,2,2,1,2,0,1,1,2,2,19,1,1,2,2,2,3,3,14,84,3.88,0,9.71,0,0,2,1,628,552,80,1,2,1,1,2,2,2,2,2,2,20,39.8,22,17,0,17,1,2,1,8,1,1,2,2,1,4,1,2,1,2,2,2,2,2,1,37,0,0,515,375,123,0,0,0,2,1
="22",="02",="0003",="17",="000",="1",2,1,1,1,5,2,2,2,2,1,2,11,1,1,1,1,0,2,2,8,"",2,1,2,1,2,2,1,1,2,2,2,2,2,22,2,2,2,2,2,1,1,2,2,1,1,1,19,1,2,2,2,2,3,3,15,80,0.65,0,1.31,0.65,5.23,2,1,628,572,93.5,1,2,1,2,1,2,2,2,2,3,20,89.1,2.51,32,0,32,5,1,1,8,1,1,2,2,1,1,1,2,2,2,2,2,2,2,2,0,0,0,1529,954,140,0,0,0,2,1
="22",="02",="0003",="18",="000",="1",1,1,1,1,4,2,1,2,2,2,2,11,0,0,0,0,0,2,1,3,"",2,1,2,1,2,1,1,2,2,2,2,2,2,22,2,2,2,2,1,2,2,2,2,2,2,2,23,1,1,2,2,2,3,3,14,77,0,0,2.39,2.39,0,2,1,628,572,80.6,1,1,1,2,1,2,2,2,2,3,6,94.7,7.4,23,0,23,1,2,2,8,1,1,1,1,1,2,1,2,2,2,2,2,2,2,1,0,0,0,48,304,0,0,0,0,1,1
="22",="07",="0003",="01",="000",="1",1,1,1,2,5,1,1,2,1,1,1,7,2,2,2,2,2,1,2,13,"",1,1,2,1,2,2,2,0,2,2,2,2,2,21,2,2,2,0,1,0,2,0,1,1,1,1,13,1,1,0,2,1,3,3,11,70,0.51,0,1.02,0,0,2,5,215,193,70.8,1,2,1,1,2,2,2,2,2,2,18,58.2,38.1,17,0,14,2,1,2,1,1,1,1,1,1,2,1,2,1,2,2,2,2,2,1,44.1,0,0,1965,556,265,0,0,0,2,2
="22",="07",="0003",="02",="000",="1",2,2,1,2,7,2,1,2,2,1,2,10,1,2,1,1,1,1,1,8,"",2,1,2,1,2,2,1,0,2,2,1,1,2,19,2,1,2,2,1,1,2,2,2,2,1,1,19,1,2,1,2,2,3,2,13,76,6.64,0.66,0,0,3.32,4,5,215,215,71,1,,1,2,1,2,2,2,2,1,34,71,11.6,25,0,25,3,2,2,1,1,1,1,2,1,2,1,1,2,2,2,2,2,2,2,0,0,0,1505,210,780,0,0,0,2,1
="22",="07",="0003",="03",="000",="1",1,2,1,2,6,2,1,1,2,1,1,8,0,2,2,0,1,1,1,7,"",2,1,1,1,2,2,1,0,2,2,2,2,0,18,1,2,2,0,0,0,2,2,1,1,1,1,13,1,2,1,2,1,3,2,12,64,2.97,0.59,0,0,4.16,1,5,193,193,708,1,2,1,2,1,2,2,2,2,1,42,70.8,11.3,24,0,23,3,1,2,1,1,1,2,2,1,2,1,1,2,2,2,2,2,2,1,0,0,0,1682,352,894,0,0,0,2,2
="22",="07",="0003",="04",="000",="1",1,1,2,2,6,2,1,1,2,2,2,10,1,2,2,1,1,1,1,9,"",2,1,2,1,2,2,1,0,2,2,2,2,2,21,1,1,2,2,1,1,2,2,1,2,1,1,17,1,2,1,2,2,2,2,12,75,1.54,0.51,1.03,6.17,1.54,2,5,215,175,61.4,1,2,1,1,2,2,2,2,2,1,42,79.3,19.3,25,0,25,3,1,1,1,1,1,1,1,1,2,1,1,2,2,2,2,2,2,1,38.92,3.1,21.9,1945,360,710,0,0,0,2,1
="22",="07",="0003",="05",="000",="1",2,2,2,2,8,2,1,1,2,2,1,9,2,2,2,1,1,1,1,10,"",2,1,2,1,2,2,1,0,2,2,2,2,2,21,2,2,2,1,0,0,2,2,1,1,1,1,15,1,1,2,2,2,3,3,14,77,1.78,0,0,0,0.45,2,5,193,165,70.1,1,1,1,1,2,2,2,2,2,1,42,65.3,9.6,24,0,24,3,1,2,1,1,1,1,2,1,2,1,1,2,2,2,2,2,2,1,0,0,0,2247,520,1055,0,0,0,2,1
="22",="07",="0003",="06",="000",="1",1,1,2,2,6,2,1,2,2,1,2,10,1,2,2,1,2,1,1,10,"",2,1,2,2,2,2,1,1,1,2,2,2,0,20,1,2,2,1,1,1,2,0,2,2,1,1,16,1,1,2,2,2,3,3,14,76,6.79,0,0,25.47,1.7,2,6,226,193,70.8,1,2,1,1,2,2,2,2,2,5,30,29.2,10.7,17,0,17,2,2,2,2,1,1,1,2,1,2,1,2,2,2,1,2,2,2,1,45,0,0,589,190,343,0,0,0,1,1
="22",="14",="0001",="01",="000",="1",1,2,2,2,7,2,1,1,2,2,2,10,1,0,0,0,1,1,2,5,"",2,1,2,1,2,2,1,1,2,2,2,2,0,20,2,2,2,1,2,2,2,2,1,2,1,1,20,1,2,2,2,2,2,2,13,75,3.53,0,1.18,3.53,5.29,4,5,367,232,79.1,1,2,1,2,1,2,2,2,2,1,34,79.2,20.3,19.6,0,19,4.8,1,1,2,1,1,1,1,1,2,1,1,2,2,2,2,2,2,1,0,0,6.1,1701,640,536,0,0,0,2,2
="22",="14",="0001",="04",="000",="1",1,1,1,2,5,2,1,1,1,2,2,9,1,0,0,0,1,1,2,5,"",2,1,2,1,2,2,1,1,1,1,"",1,2,17,2,2,2,1,2,2,2,2,1,2,1,2,21,1,2,2,1,2,2,2,12,69,3.72,0.37,0.76,0,0,4,5,367,232,79.1,1,2,1,2,1,2,2,2,2,1,50,87.7,13.5,28,0,28,2,1,1,2,1,2,1,1,1,2,1,1,2,2,2,2,2,2,1,32.3,5.4,5.4,2691,425,938,0,0,0,2,2
="22",="14",="0001",="05",="000",="1",1,2,1,1,5,2,1,2,1,1,1,8,2,2,1,1,2,"",1,9,"",2,1,2,1,2,"",1,1,1,1,1,1,0,14,1,2,1,"",0,0,2,2,2,2,2,2,16,1,1,0,2,2,0,0,6,58,5.39,0.34,0,0,4.05,4,5,300,200,83,1,1,1,2,2,2,2,2,2,8,60,85,30,28,0,25,10,1,1,6,1,1,1,1,1,4,1,2,2,2,2,2,2,1,1,0,0,0,2966,529,1790,0,0,0,2,2
="22",="14",="0001",="06",="000",="1",1,2,1,1,5,2,1,2,1,2,2,10,0,0,0,0,2,1,1,4,"",2,0,2,1,2,1,0,1,0,0,0,0,2,11,2,2,2,0,0,0,2,2,1,2,1,1,15,1,1,2,2,2,1,2,11,56,5.13,3.67,2.2,2.2,5.13,4,5,344,229,79,1,2,1,1,1,2,2,2,2,1,33,88,12.5,22,0,21,4.5,1,1,5,1,2,1,2,1,2,1,1,2,2,2,2,2,2,1,29.7,0,0,1364,562,400,0,0,0,2,2
="22",="14",="0001",="07",="000",="1",1,2,2,2,7,2,2,1,1,2,2,10,1,0,0,0,1,1,2,5,"",2,1,2,1,2,2,1,1,1,1,1,1,0,16,1,2,2,1,2,2,2,2,1,2,1,1,19,1,2,2,2,2,2,2,13,70,0,0,0,0,2.57,4,5,367,232,0,1,2,1,2,1,2,2,2,2,3,8,84.6,19.6,13,0,13,1,1,1,1,1,1,1,2,1,1,1,1,2,2,2,2,2,2,1,0,0,7.5,389,271,27,0,0,0,2,2
="22",="14",="0001",="08",="000",="1",1,2,2,2,7,2,1,1,1,2,2,9,1,0,0,0,1,1,2,5,"",2,1,2,1,2,"",1,1,0,2,0,0,2,14,2,2,2,1,2,2,2,2,1,2,2,2,22,1,2,2,2,2,2,2,13,70,5.43,0,0,7.25,27.17,4,5,367,232,79.1,1,2,1,2,1,2,2,2,2,3,9,95,22.5,14,0,14,0,1,1,1,1,1,1,1,1,1,1,1,2,2,2,2,2,2,1,34.3,6.4,7.6,29,192,200,0,0,0,2,2
="22",="14",="0001",="09",="000",="1",1,0,2,2,5,2,1,1,1,2,2,9,2,2,2,2,1,1,2,12,"",0,1,2,1,2,2,1,1,1,1,1,1,2,16,2,2,2,1,2,2,2,2,1,2,1,1,20,1,2,2,2,2,2,2,13,75,3.1,6.2,4.14,6.2,3.1,4,5,367,232,79.1,1,2,1,1,2,2,2,2,1,2,20,82.1,19.6,13.5,0,13,2,1,1,1,1,1,1,1,1,4,1,1,1,2,2,2,2,2,1,38.6,8,7.6,18,558,405,0,0,0,2,2
="22",="14",="0001",="10",="000",="1",1,2,2,2,7,2,1,1,1,2,2,9,1,0,0,0,1,1,2,5,"","",1,2,1,2,2,1,1,2,2,2,2,0,18,2,2,0,1,2,2,2,2,1,2,1,1,18,1,2,2,2,2,0,1,10,67,3.17,0,0,0,2.64,4,5,367,232,79.1,1,2,1,2,2,2,2,2,1,7,38,79.5,130.9,16,0,16,4.7,1,1,4,1,1,1,1,1,3,1,2,2,2,2,2,1,2,1,34.8,7.6,7.6,1894,98,1385,0,0,0,2,2
="22",="14",="0006",="01",="000",="0",1,2,1,1,5,2,1,2,1,1,2,9,2,2,2,1,1,2,1,11,"",2,1,1,1,2,2,0,1,2,2,2,2,0,18,2,2,2,1,1,1,2,0,2,2,1,1,17,1,1,0,2,2,3,2,11,71,0.69,0,1.39,0,0,4,2,372
="22",="14",="0006",="02",="000",="1",1,1,2,2,6,2,2,1,2,2,1,10,1,2,2,2,2,2,1,12,"",2,2,2,2,2,2,1,1,2,2,2,2,2,24,2,2,2,2,0,0,1,0,1,1,1,1,13,1,1,2,2,2,2,2,12,77,0,0,0,0,0,4,5,372,301,93.3,2,2,1,2,1,1,2,2,2,1,28,0,0,0,0,0,0,,,,,,,,,,,,,,,,,,,0,0,0,0,0,0,0,0,0,,
="22",="14",="0006",="03",="000",="1",1,2,1,1,5,2,2,2,2,1,2,11,2,1,2,1,1,2,1,10,"",2,1,2,1,2,2,0,1,2,2,2,2,0,19,2,2,2,1,1,0,2,0,2,2,2,1,17,1,1,0,2,2,2,2,10,72,2.06,0,0,0,2.06
="22",="14",="0006",="04",="000",="1",1,1,1,1,4,2,1,0,1,2,0,6,2,2,2,1,1,2,1,11,"",2,1,1,1,2,2,1,1,1,1,1,0,0,14,2,2,2,0,1,1,1,2,2,1,1,1,16,1,1,2,1,2,1,2,10,61
="22",="14",="0006",="05",="000",="1",1,2,2,2,7,1,1,1,2,0,1,6,0,2,1,1,0,1,1,6,"",1,2,1,1,2,2,1,0,2,2,2,2,0,18,2,2,1,1,0,0,1,2,1,1,1,1,13,1,1,0,1,2,2,2,9,59,0,0,0.43,3.86,0.43,,,372,301,0,2,2,1,1,2,2,2,2,2,1,48,67.8,12.7,35,0,35,7,2,1,,1,1,2,2,1,4,1,1,2,2,1,2,2,2,2,29,5,8,2587,0,0,0,0,0,2,2
="22",="14",="0006",="06",="000",="1",1,2,1,2,6,1,2,0,1,1,0,5,0,0,0,0,2,2,2,6,"",2,1,2,2,2,2,0,1,1,2,1,1,0,17,2,2,2,2,1,1,1,0,1,1,1,1,15,1,2,2,2,2,2,1,12,61
="22",="14",="0006",="07",="000",="1",1,2,1,2,6,2,1,1,2,0,1,7,2,2,2,2,1,1,1,11,"",2,1,1,1,2,2,1,0,2,2,2,2,0,18,2,2,2,1,0,0,2,2,1,2,1,1,16,2,1,0,2,2,1,2,10,68,0.39,0,0.39,3.48,0,4,5,372,301,82.5,2,2,1,2,1,2,2,2,2,1,48,82.5,9.7,33,0,33,7,2,1,1,1,1,2,2,1,2,1,1,2,2,2,2,2,2,2,28,4,4,2587,0,0,0,0,0,2,2
="22",="14",="0006",="08",="000",="1",0,2,1,2,5,2,1,1,2,2,0,8,2,2,2,2,2,2,1,13,"",2,1,2,1,2,2,1,1,2,2,2,2,2,22,2,2,2,1,1,1,1,0,2,2,1,1,16,1,1,2,2,2,2,2,12,76,0.62,0,1.25,1.25,1.25,4,5,372,301,93.3,2,2,1,2,1,1,2,2,2,1,33,78.9,7.3,27,0,27,4,2,1,6,1,1,2,2,1,2,1,1,2,2,2,2,2,2,2,31,6,8,1606,278,449,0,0,0,,
="22",="16",="0001",="01",="000",="1",2,2,2,2,8,2,2,2,2,2,2,12,2,2,2,2,2,1,1,12,"",2,2,2,2,2,2,1,1,2,2,2,2,2,24,2,2,2,2,2,2,2,2,1,2,2,2,23,1,1,2,2,2,3,2,13,92,0.79,0,0.39,0,4.33,1,1,612,494,71.4,1,2,1,2,1,2,2,2,2,1,48,74.4,10.76,31,0,31,4,1,1,1,1,1,1,1,1,1,1,1,2,2,2,2,2,2,1,31.6,7.4,0,2538,455,1375,0,0,0,1,1
="22",="16",="0001",="02",="000",="1",2,1,2,2,7,2,1,1,2,2,2,10,2,2,2,2,1,1,1,11,"",2,1,2,1,2,2,1,1,2,2,2,2,2,22,2,2,2,0,0,0,2,2,1,1,1,1,14,2,1,2,2,2,3,2,14,78,1.81,0,1.45,0,2.53,1,1,612,494,71.4,1,2,1,2,1,2,2,2,1,1,50,79.19,10.91,31,0,31,2,2,1,2,1,2,1,1,1,1,1,1,2,2,2,2,2,2,1,31,0,0,2765,309,1178,0,0,0,1,1
="22",="16",="0001",="03",="000",="1",2,2,1,2,7,2,2,2,2,2,2,12,2,2,2,1,1,2,2,12,"",2,2,2,2,2,2,1,1,2,2,2,2,2,24,2,2,2,1,2,2,2,2,2,2,2,2,23,1,2,2,2,2,3,3,15,93,0,2.79,0,0,0.7,1,1,612,494,71.4,1,2,1,1,1,2,1,2,2,1,28,86.86,11,22,0,22,1,1,1,1,1,1,1,1,1,1,1,1,2,2,2,2,2,2,1,32.8,0,0,1436,371,875,0,0,0,1,1
="22",="16",="0001",="04",="000",="1",2,2,2,2,8,2,1,1,2,1,2,9,2,2,2,1,2,2,1,12,"",2,1,2,1,2,2,1,0,2,2,2,2,2,21,2,2,2,2,2,2,2,2,1,2,2,2,23,1,2,2,2,2,2,2,13,86,1.14,0,0.38,0.38,1.9,1,1,612,494,71.4,1,2,1,1,2,2,2,2,2,1,48,81.75,12,30,0,30,1,1,1,6,1,2,2,2,1,1,1,1,1,2,1,2,2,2,1,31.5,0,0,2626,404,1161,0,0,0,1,1
="22",="16",="0001",="05",="000",="1",2,2,1,2,7,2,1,1,2,2,2,10,2,2,2,1,2,1,2,12,"",2,1,1,1,2,2,1,0,1,2,1,1,2,17,2,2,2,2,2,2,2,2,2,2,1,1,22,1,2,2,2,2,2,2,13,81,1.78,0,0,1.07,0.71,1,1,612,494,71.4,1,2,1,1,2,2,2,2,2,1,48,93.51,10.45,33,0,33,2,1,1,6,1,1,1,2,1,1,1,1,1,2,2,2,2,2,1,31.87,0,0,2804,331,1413,0,0,0,1,1
="22",="16",="0001",="06",="000",="1",1,2,1,2,6,2,1,1,2,2,2,10,2,2,2,2,2,1,1,12,"",2,1,2,1,2,2,1,1,2,2,2,2,2,22,2,2,2,2,2,2,2,2,1,2,2,2,23,2,2,2,2,2,3,3,16,89,1.72,0,0,0,1.29,1,1,612,494,71.4,1,2,1,1,2,2,2,2,2,1,44,73.79,8.27,30,0,30,4,1,1,1,1,1,1,2,1,2,1,1,2,2,2,2,2,2,2,0,0,0,2332,216,1327,0,0,0,1,1
="22",="16",="0001",="07",="000",="1",1,2,2,2,7,2,1,2,2,2,2,11,2,2,2,1,1,2,1,11,"",2,1,2,1,2,2,1,1,2,2,2,2,2,22,2,2,2,2,2,2,2,2,1,2,2,2,23,1,2,1,2,2,3,2,13,87,2.21,0.32,0.32,0.32,2.21,1,1,612,494,71.4,1,2,1,2,1,2,2,2,2,1,53,83.4,19.54,36,0,36,5,1,1,2,1,1,1,1,1,2,1,1,2,2,2,2,2,2,1,0,0,0,3164,1241,0,0,0,0,1,1
="22",="16",="0001",="08",="000",="1",1,2,1,1,5,2,1,1,2,2,2,10,2,2,2,2,2,2,1,13,"",2,1,2,1,2,2,1,1,2,2,2,2,2,22,2,2,2,1,1,1,2,2,1,2,1,1,18,1,2,2,2,2,3,2,14,82,0,0,0,0,3.69,1,1,612,494,71.4,1,1,1,2,1,1,2,2,2,1,35,0,7.26,26,0,27,4,1,1,1,1,1,1,2,1,1,1,1,1,2,2,2,2,2,1,34.2,0,0,1899,240,1030,0,0,0,1,1
="22",="16",="0001",="09",="000",="1",1,2,2,1,6,2,2,1,2,2,2,11,2,2,2,2,1,2,2,13,"",2,2,2,2,2,2,1,1,2,0,2,0,2,20,1,2,2,0,2,2,2,2,2,1,1,2,19,1,1,2,2,2,3,2,13,82,1.56,0.52,0,0,2.59,1,1,612,494,71.4,1,2,1,2,1,2,2,2,2,1,35,62.58,11.9,25,0,26,3,1,1,8,1,1,2,2,1,1,1,1,2,2,2,2,2,2,1,31.73,0,7.65,1929,284,883,0,0,0,2,1
="22",="16",="0001",="10",="000",="1",1,2,2,2,7,2,1,1,2,2,2,10,2,2,2,2,1,1,1,11,"",2,1,2,1,2,2,1,0,2,2,2,2,2,21,2,2,2,1,2,1,2,2,1,2,1,1,19,1,2,2,2,2,3,2,14,82,0.38,0.38,0,0,1.54,1,1,612,494,71.4,1,2,1,2,1,2,2,2,2,1,48,74.8,9.86,29,0,29,4,1,1,5,1,2,1,1,1,1,1,1,2,2,2,2,2,2,1,29.4,0,0,2602,236,993,0,0,0,1,1
="22",="16",="0001",="12",="000",="1",2,1,2,2,7,2,2,1,2,2,1,10,2,2,2,2,2,2,1,13,"",2,2,2,2,2,2,2,2,2,2,2,2,2,26,1,2,2,2,2,2,2,2,2,2,2,2,23,1,2,2,2,2,3,3,15,94,0,0,0,6.59,0,1,1,612,494,71.4,1,2,1,1,2,2,1,2,2,3,12,85,17,28,0,28,1,1,1,2,1,2,2,1,1,1,1,2,2,2,2,2,2,2,1,34.5,0,0,607,607,0,0,0,0,1,1
="22",="16",="0001",="13",="000",="1",2,1,1,2,6,2,1,2,1,2,2,10,2,2,1,1,2,2,1,11,"",2,1,2,1,2,2,0,0,1,1,1,1,2,16,1,2,2,2,2,2,2,2,1,2,1,1,20,1,2,2,2,2,3,2,14,77,0,0,0,2.46,0,1,1,612,494,71.4,1,2,1,2,2,2,1,2,2,3,10,70,13,7,0,20,0,2,3,6,1,2,1,1,1,1,1,2,2,2,2,2,2,2,1,31,0,0,407,407,0,0,0,0,1,1
="22",="16",="0001",="15",="000",="1",1,2,2,2,7,2,2,2,2,2,2,12,2,2,2,2,1,2,2,13,"",2,2,1,2,2,2,2,"",2,2,2,2,2,23,2,2,2,2,2,2,2,2,1,2,1,1,21,2,2,1,2,2,3,3,15,91,0,0,1.63,1.63,0,1,1,10,494,71.4,1,2,1,2,1,2,2,2,2,3,10,75,3.3,35,0,35,0,2,1,2,1,2,2,2,1,1,1,2,2,2,2,2,2,2,2,0,0,0,612,612,0,0,0,0,1,1
="22",="16",="0001",="16",="000",="1",2,2,1,2,7,2,2,2,2,2,2,12,2,2,2,2,2,2,1,13,"",2,2,2,2,2,2,0,1,2,2,2,2,2,23,2,2,2,2,1,1,2,2,1,2,2,2,21,2,2,2,2,2,3,2,15,91,2.61,0,0.52,0,1.57,1,1,612,494,71.4,1,2,1,2,2,2,2,1,2,6,43,74,38,21,0,20,2,1,1,2,1,1,1,1,1,1,1,1,1,2,1,1,2,2,2,37,0,0,1913,164,614,0,0,0,1,1
="22",="16",="0001",="17",="000",="1",2,0,2,1,5,2,1,2,2,2,2,11,1,1,1,2,1,1,1,8,"",2,2,2,1,2,2,1,1,2,2,2,2,0,21,2,2,2,1,2,2,2,2,1,2,2,2,22,1,2,2,2,2,3,3,15,82,0,0,111.11,0,0,1,1,612,494,71.4,1,2,1,1,2,2,2,2,2,3,6,72,5.1,21,0,21,0,2,1,1,1,1,1,1,1,1,1,2,2,2,2,2,2,2,1,31,10.2,0,243,243,0,0,0,0,1,1
="22",="27",="0006",="03",="000",="1",1,1,2,2,6,2,1,1,2,2,2,10,2,2,2,2,2,2,2,14,"",2,2,2,2,2,2,2,2,2,2,2,2,2,26,2,2,2,2,1,1,2,2,2,2,2,2,22,2,2,2,2,2,2,1,13,91,1.79,0,0.45,0,2.24,3,5,88,43,93.7,1,1,1,2,1,2,2,2,2,8,45,89.3,11.2,17.85,1.36,17,6.68,1,1,4,1,1,1,1,1,2,1,2,2,2,2,2,2,1,1,33,5,6,2233,64,1842,0,0,0,2,1
="22",="27",="0006",="04",="000",="1",1,1,2,2,6,2,1,1,1,2,2,9,1,2,2,2,2,2,2,13,"",2,2,2,2,2,2,2,2,2,2,2,2,2,26,2,2,2,2,1,1,2,2,2,2,2,2,22,2,2,2,2,2,2,1,13,89,0.79,0.79,0,0,1.97,3,5,88,43,91.6,1,1,1,2,1,2,2,2,2,1,43,94.1,7,22.95,0,22,4.95,1,1,2,1,1,1,1,1,2,1,1,2,2,2,2,2,2,1,34,3,6,2534,525,1137,0,0,0,1,1
="22",="27",="0010",="01",="000",="1",1,1,1,1,4,1,1,1,2,2,2,9,0,2,2,1,1,2,1,9,"",2,1,2,1,2,2,0,0,1,1,0,2,0,14,2,1,2,2,1,0,1,2,1,1,1,1,15,1,1,"",2,1,0,0,5,56,5.93,1.87,0,0,3.43,3,2,119,60,77.7,1,1,2,1,2,2,2,2,2,8,60,77.7,45.8,21.8,0,19,8.9,1,1,4,2,1,1,1,1,4,1,2,2,1,2,2,2,1,1,38.9,6.1,6.1,3203,357,2665,0,0,0,2,2
="22",="27",="0010",="05",="000",="1",1,1,1,1,4,1,1,1,2,2,2,9,0,2,2,1,1,2,1,9,"",2,1,2,1,2,2,0,0,1,1,0,2,0,14,2,1,2,2,1,0,1,2,1,1,1,1,15,1,1,"",2,1,0,0,5,56,7.34,0,0,0,1.76,3,2,119,59,89.6,1,1,3,2,2,2,2,2,2,7,59,89.6,57.3,24.2,3,20,9.5,1,1,4,2,1,1,1,1,3,1,2,2,1,2,2,1,2,1,38.9,6.1,6.1,3406,507,2820,0,0,0,2,2
="22",="27",="0012",="01",="000",="1",0,2,1,1,4,2,1,1,2,2,2,10,2,2,2,2,1,2,1,12,"",2,2,2,2,2,2,1,1,1,1,1,1,0,18,2,2,2,0,0,0,2,2,2,1,1,1,15,1,1,0,2,2,3,3,12,71,1.36,0.68,0,0.68,2.71,1,2,565,565,66.6,1,2,1,2,1,1,2,2,2,1,42,52,7,17,0,17,4,1,1,1,1,1,1,2,1,2,1,1,2,2,1,2,2,2,1,28,5.6,0,1474,191,706,0,0,0,1,1
="22",="27",="0012",="02",="000",="1",2,1,1,1,5,2,2,2,2,2,2,12,2,2,1,1,1,2,1,10,"",2,1,1,1,2,2,2,0,2,2,2,2,2,21,2,2,2,0,0,1,2,0,2,2,2,1,16,1,2,1,1,2,3,2,12,76,0.99,0.5,0,0.5,4.46,1,1,565,540,69.9,1,1,1,1,2,2,2,2,2,1,45,74.8,11.7,25,0,25,5,1,1,1,1,1,2,1,1,2,1,1,2,2,2,2,2,2,1,30,5.3,0,2016,1698,500,0,0,0,1,1
="22",="27",="0012",="04",="000",="1",0,1,1,1,3,1,0,0,2,2,1,6,1,2,1,2,1,2,2,11,"",2,2,2,2,2,2,1,0,1,0,2,1,2,19,0,2,2,0,0,0,2,0,2,2,1,1,12,1,1,0,1,2,3,2,10,61,3.52,0,1.01,0.5,0,2,2,525,525,66.6,1,2,1,2,1,2,2,2,2,1,45,72.6,9.3,23,0,23,5,1,1,2,1,1,1,2,1,2,1,1,2,2,2,2,2,2,1,28.6,7.1,0,1388,230,582,0,0,0,1,1
="22",="27",="0012",="05",="000",="1",1,1,2,1,5,2,1,1,2,2,2,10,1,1,1,1,1,2,2,9,"",2,2,2,2,2,2,1,1,1,1,1,1,0,18,2,2,2,0,1,1,2,2,2,2,2,1,19,2,2,2,2,2,2,1,13,74,0,0,0.49,0,3.43,2,2,565,565,66.6,1,2,1,2,1,2,2,2,2,1,45,77.4,16,25,0,25,5,1,1,2,1,1,1,1,1,2,1,1,2,2,2,2,2,2,1,29,8.4,0,2041,597,1042,0,0,0,1,1
="22",="28",="0016",="01",="000",="1",1,2,1,1,5,1,1,1,2,2,2,9,2,2,2,1,2,1,1,11,"",2,1,2,2,2,0,1,1,0,0,0,0,2,13,1,1,2,1,1,1,1,2,2,2,1,1,16,1,1,2,2,2,1,1,10,64,0.42,0.42,0,0,2.49,4,2,642,612,78.6,1,2,1,2,2,1,2,2,2,1,45,78.6,6.4,33,0,33,0.875,1,2,4,1,1,2,2,1,2,1,1,2,2,2,2,2,2,1,0,0,0,2405,377,949,0,0,0,1,1
="22",="28",="0016",="02",="000",="1",2,2,2,2,8,2,1,2,2,2,1,10,1,2,1,1,2,2,1,10,"",2,1,2,1,2,1,1,1,2,2,2,2,2,21,2,1,2,2,2,2,2,2,1,2,2,1,21,1,1,2,2,2,2,1,11,81,3.76,0.42,0.84,0,0.42,1,2,642,600,77.2,1,1,1,1,1,2,2,2,2,1,52,77.1,12,36,0,37,2,1,2,6,1,1,1,1,1,1,1,1,2,2,2,2,2,2,1,0,0,0,2391,618,712,0,0,0,1,1
="22",="28",="0016",="03",="000",="1",2,1,2,2,7,2,1,2,2,1,2,10,1,2,2,1,2,0,1,9,"",2,2,2,1,2,0,1,1,2,2,1,2,2,20,2,2,2,2,2,2,1,2,2,1,1,1,20,1,2,2,2,2,1,0,10,76,1.99,0,0.66,0,0.33,5,1,642,622,80,1,1,1,2,1,2,2,2,2,1,54,88,18.6,31,0,0,3,1,2,3,1,1,1,2,1,1,1,1,2,2,2,2,2,2,1,28,0,0,3009,1202,1305,0,0,0,2,1
="22",="28",="0016",="04",="000",="1",1,1,1,1,4,1,1,0,1,1,1,5,1,2,2,1,1,2,1,10,"",2,1,2,1,2,0,2,0,1,1,0,1,0,13,1,1,2,1,0,0,1,2,1,1,1,1,12,1,1,2,2,2,2,2,12,56,1.23,0.41,0,0,0.82,2,5,642,612,80,1,2,1,1,2,2,2,2,2,1,52,80,9,28,0,28,2,2,2,6,1,1,2,2,1,1,1,1,2,2,2,2,2,2,1,0,0,0,0,416,1016,0,0,0,1,1
="22",="28",="0016",="05",="000",="1",1,2,1,1,5,2,1,1,2,2,1,9,2,2,2,2,2,1,1,12,"",2,1,2,1,2,2,1,1,0,0,0,0,2,14,2,2,2,2,1,1,2,2,2,2,2,2,22,1,2,2,2,2,3,1,13,75,3.12,0,0.69,0,1.39,1,2,642,52,80,1,2,1,1,2,2,2,2,2,1,53,82,7.8,35,0,34,1,1,2,4,1,1,1,,1,1,1,1,2,2,2,2,2,2,1,28,0,0,2886,473,1146,0,0,0,1,1
="22",="28",="0016",="06",="000",="1",2,2,1,1,6,2,2,1,2,2,2,11,2,2,2,2,2,0,1,11,"",2,2,2,2,2,0,1,1,2,2,2,2,2,22,2,2,2,1,2,2,2,0,2,2,1,1,19,1,2,1,2,2,3,3,14,83,1.81,0.6,0.6,0,0.6,5,1,642,612,78,1,2,1,2,1,2,2,2,2,1,53,42,6.9,33,0,33,1,1,2,2,1,1,1,2,1,1,1,1,2,2,1,2,2,2,2,33,0,0,1662,341,279,0,0,0,1,1
="22",="28",="0016",="07",="000",="1",2,2,2,2,8,2,1,2,2,2,2,11,2,2,2,2,2,2,1,13,"",2,2,2,2,2,2,2,2,2,2,2,2,2,26,2,2,2,2,2,2,2,2,2,2,1,2,23,2,2,1,2,2,0,2,11,92,44.44,0,44.44,0,22.22,1,1,642,642,80,1,1,1,2,1,2,2,2,2,1,51,888,10,45,0,40,3,1,2,1,1,2,1,1,1,1,1,1,1,2,2,2,2,2,1,28,8,0,2528,849,547,0,0,0,2,2
="22",="28",="0016",="08",="000",="1",1,1,2,1,5,1,1,0,1,2,1,6,1,2,2,2,2,"",1,10,"",2,"",1,1,2,2,1,1,2,2,2,2,0,18,2,2,2,2,1,1,1,2,2,1,1,1,18,1,1,"",2,0,2,2,8,65,3.23,0,0,0,3.23,1,1,642,612,87,1,,1,2,1,2,2,2,2,1,52,84,10.3,32,0,32,1.5,1,2,2,1,2,2,2,1,1,1,1,2,2,2,2,2,2,2,25,5,0,2478,928,858,0,0,0,1,1
="22",="28",="0016",="10",="000",="1",1,2,2,2,7,2,1,1,1,2,2,9,0,0,0,0,2,1,1,4,"",2,1,1,1,2,0,1,0,2,2,2,2,2,18,2,2,2,2,1,0,1,2,2,2,1,1,18,2,1,2,1,2,2,1,11,67,1.58,0,2.36,1.18,1.58,1,2,654,612,85.3,1,2,1,1,2,2,1,2,2,1,46,85.3,13.3,29.43,0,32,4.5,1,2,6,1,1,2,2,1,1,1,1,2,2,2,2,2,2,1,25.6,0,0,2537,974,1129,24929940,0,0,3,1
="22",="28",="0016",="11",="000",="1",1,2,1,1,5,1,2,1,2,0,2,8,2,2,2,2,2,1,1,12,"",2,2,2,2,2,0,1,1,2,2,0,2,2,20,2,2,2,2,1,1,1,0,2,2,2,1,18,2,2,2,2,2,2,1,13,76,1.72,0,1.03,0.48,0,2,2,51,642,84,1,2,1,1,1,2,2,2,2,1,51,84,11,30,0,30,1,1,2,6,1,1,1,1,1,1,1,1,2,2,2,2,2,2,1,0,0,0,2096,694,1055,0,0,0,1,1
="22",="28",="0016",="12",="000",="1",1,2,1,1,5,2,1,0,1,1,1,6,2,1,2,1,2,1,1,10,"",2,0,2,1,2,0,1,1,2,2,2,2,0,17,2,1,2,2,0,0,2,0,1,0,1,1,12,1,2,2,0,2,1,0,8,58,1.69,0.68,2.03,0.68,1.69,1,2,642,642,80,1,1,1,2,1,2,2,2,2,1,53,85,18,31,0,31,1,1,2,2,1,1,1,1,1,1,1,1,2,2,2,2,2,2,1,0,0,0,2950,917,1569,0,0,0,2,1
="22",="28",="0016",="13",="000",="1",2,2,1,1,6,1,1,0,2,1,1,6,2,2,2,1,2,1,1,11,"",2,1,2,1,1,0,1,1,1,1,1,1,2,15,2,1,2,1,0,0,2,2,2,2,1,1,16,2,2,2,2,2,3,1,14,68,0.78,0,0,0.78,1.95,2,2,642,612,78,1,1,1,2,1,2,2,2,2,1,50,86.5,16.5,35,0,35,2,1,2,2,1,1,1,1,1,1,1,1,2,2,2,2,2,2,1,29,2,5,2570,292,1042,2000000,190000,90000,1,1
="22",="28",="0016",="15",="000",="1",1,2,1,1,5,2,1,1,2,0,1,7,2,2,2,1,0,1,1,9,"",1,1,2,1,2,2,1,0,2,2,2,2,2,20,2,2,2,2,1,0,2,2,2,2,1,1,19,1,2,1,2,2,3,3,14,74,0,0,12.3,0,0,2,1,642,612,70,1,1,1,2,1,2,2,2,2,3,10,85,3,61,0,0,1,1,2,3,1,1,1,2,1,1,1,1,1,2,2,2,2,2,1,0,0,0,488,488,0,0,0,0,1,1
="22",="28",="0016",="16",="000",="1",1,1,1,2,5,1,1,1,0,2,1,6,0,0,0,1,2,2,1,6,"",2,1,1,1,1,2,1,1,1,1,1,1,0,14,0,1,2,0,1,1,2,2,2,2,1,1,15,1,2,2,2,1,3,3,14,60,0,0,7.46,1.87,5.6,1,1,642,612,78.2,1,2,1,1,1,2,2,2,2,3,8,88.2,11.6,40,0,39,0,2,2,4,1,1,1,2,1,1,1,1,2,2,2,2,2,2,1,0,0,0,536,445,0,0,0,0,1,1
="22",="28",="0016",="17",="000",="1",2,2,2,2,8,2,1,1,2,2,2,10,2,2,2,2,2,1,1,12,"",2,1,2,1,2,2,1,1,2,2,2,2,2,22,2,2,2,2,1,0,2,2,2,2,1,1,19,1,2,1,2,2,3,3,14,85,0,1.37,2.74,0,5.48,1,1,642,12,77.2,1,1,1,2,1,2,2,2,2,3,12,71.7,17.7,33,0,33,1,1,2,6,1,1,1,2,1,1,1,2,2,2,2,2,2,2,1,27.97,5.76,5.76,730,730,0,0,0,0,1,1
="22",="28",="0020",="01",="000",="1",1,1,1,2,5,2,1,1,2,2,2,10,2,2,2,2,1,2,2,13,"",2,2,2,1,2,2,1,2,2,2,2,2,0,22,2,2,2,1,1,1,1,0,1,2,1,1,15,1,2,2,2,2,3,2,14,79,0,0,0.91,0.91,1.81,2,1,560,446,75.6,1,1,1,1,2,2,2,2,2,1,46,69.6,6.29,31.8,0,30,3,1,3,8,1,1,1,2,1,1,1,1,2,2,2,2,2,2,1,30.2,8.6,0,2204,250,1296,0,0,0,2,2
="22",="28",="0020",="02",="000",="1",2,1,2,1,6,2,2,2,2,2,2,12,2,2,2,1,1,2,2,12,"",2,2,2,2,2,2,2,1,1,1,2,2,2,23,2,2,2,0,1,1,2,2,1,2,1,1,17,2,2,2,2,2,2,1,13,83,0.85,0,0,0,1.2,2,1,560,560,75.6,1,1,1,2,2,1,2,2,2,1,50,0,7.9,32.11,0,32,3,1,3,8,1,1,1,2,1,1,1,1,2,2,2,2,2,2,1,31.8,0,0,2508,470,847,3400000,2270000,1080000,2,2
="22",="28",="0020",="03",="000",="1",2,1,2,1,6,1,1,1,2,2,2,9,2,2,2,2,1,2,1,12,"",2,2,2,2,2,2,1,1,2,2,2,2,2,24,2,2,2,1,1,1,2,0,1,2,2,2,18,2,2,0,2,2,3,2,13,82,1.58,0,0,0,0,2,5,560,456,0,1,1,1,2,1,2,2,2,1,1,50,76.7,13.22,30.86,0,32,3,2,3,8,1,1,1,2,1,1,1,1,2,2,1,2,2,2,1,31.2,9.4,0,2527,366,1144,0,0,0,2,2
="22",="28",="0020",="04",="000",="1",2,1,1,1,5,2,2,1,2,2,2,11,2,2,2,2,1,"",1,10,"",2,2,2,2,2,2,1,1,2,2,1,2,2,23,2,2,2,2,1,1,1,0,2,2,1,2,18,1,1,2,2,2,3,2,13,80,2.53,0.36,0.36,1.45,2.53,2,2,0,0,0,1,1,1,,2,2,2,2,2,1,50,7585,10,28445,0,30,624,1,3,8,1,1,1,2,1,1,1,1,2,2,2,2,2,2,1,0,0,0,2764,204,1552,0,0,0,2,2
="22",="28",="0020",="05",="000",="1",2,2,1,2,7,2,2,2,2,2,2,12,2,2,2,2,1,2,1,12,"",2,2,2,2,2,2,1,2,2,2,2,2,2,25,2,2,2,2,0,0,2,2,2,2,1,1,18,2,1,2,2,2,2,1,12,86,0.38,0.76,0,0.76,0.76,2,2,560,442,75.69,1,2,1,1,1,2,2,2,2,1,50,81.27,7.975,32.645,0,33,5.46,1,1,8,1,1,1,2,1,1,1,1,2,2,2,2,2,2,1,30.1,8.5,0,2638,248,712,0,0,0,2,2
="22",="28",="0020",="06",="000",="1",0,1,2,1,4,2,2,2,2,2,2,12,2,2,2,1,2,2,1,12,"",2,2,2,2,2,2,1,2,2,2,"",2,0,21,2,2,2,2,0,0,2,0,1,2,1,1,15,1,2,1,2,2,3,2,13,77,1.62,0.54,0,0.54,0,2,1,560,456,75.6,1,1,1,1,2,2,2,2,2,1,50,87.7,17.7,0,0,0,5.825,2,3,8,1,1,1,2,1,1,1,1,2,2,1,2,2,2,1,30.7,9.19,0,1857,315,554,0,0,0,2,2
="22",="28",="0020",="07",="000",="1",1,2,1,1,5,1,1,2,0,2,2,8,1,2,2,1,1,2,1,10,"",2,0,2,1,2,2,2,1,1,1,1,1,2,18,2,2,2,1,0,0,1,0,1,2,2,2,15,1,1,0,1,2,3,2,10,66,1.2,0,0,0.8,0,2,5,560,448,75.69,1,1,1,2,1,2,2,2,2,1,50,74.21,8.03,34.2,0,34,7.01,1,3,8,1,1,1,2,1,1|2,1,1,2,2,2,2,2,2,1,34,9.2,9.91,2503,559,1077,0,0,0,2,2
="22",="28",="0020",="08",="000",="1",2,2,2,2,8,2,2,2,2,2,2,12,2,2,2,2,2,2,1,13,"",2,2,2,2,2,2,2,2,2,2,2,2,2,26,2,2,2,2,2,2,2,2,2,2,2,2,24,2,2,2,2,2,2,2,14,97,1.77,0,0,1.41,0,2,2,560,560,75.09,1,1,1,2,1,2,2,2,2,1,50,77.64,9.2,29,0,30,11,2,3,8,1,1,1,1,1,1,1,1,2,2,2,2,2,2,1,28,0,0,2831,249,1552,0,0,0,1,2
="22",="28",="0020",="09",="000",="1",2,2,2,2,8,2,2,2,2,2,2,12,2,2,2,1,1,2,1,11,"",2,2,1,2,2,2,1,1,1,2,2,2,2,22,2,2,2,1,2,1,2,0,2,2,2,1,19,1,1,2,2,2,3,2,13,85,1.28,0,0,3.2,1.28,2,2,560,452,78,1,1,1,1,2,2,2,2,2,1,50,78,9,31.6,0,32,5.01,2,3,2,1,1,1,1,1,2,1,1,1,2,2,2,2,2,1,26,8,10,1562,331,583,0,0,0,2,2
="22",="28",="0020",="10",="000",="1",1,1,2,2,6,2,1,1,2,2,2,10,2,2,2,2,2,2,2,14,"",2,1,2,1,2,2,1,1,2,2,2,2,2,22,2,2,2,1,2,1,2,2,2,2,2,2,22,1,2,2,2,2,3,3,15,89,0.41,0.82,0,0,2.88,2,1,560,456,88,1,1,1,1,2,2,1,2,2,1,46,80,5,38,0,39,2,2,3,8,1,1,1,1,1,1,1,1,1,2,1,2,2,2,1,32,8,0,2433,1216,973,0,0,0,1,1
="22",="28",="0020",="11",="000",="1",2,1,2,1,6,2,2,2,2,2,2,12,2,2,1,1,0,0,1,7,"",2,2,2,2,0,0,"","",1,1,1,1,2,14,2,2,2,0,1,1,2,2,1,2,1,1,17,2,2,2,2,2,3,3,16,72,0,0,3.1,0,1.03,2,2,560,452,849,1,1,1,2,2,2,1,2,2,3,18,97,42,3792,0,42,1,2,3,8,1,1,1,2,1,1,1,2,2,2,2,2,2,2,1,318,98,0,968,912,0,0,0,0,1,1
="22",="28",="0020",="12",="000",="1",2,1,2,1,6,2,2,1,1,2,2,10,1,2,2,1,2,0,1,9,"",2,1,2,2,1,2,1,1,2,2,1,2,2,21,1,2,2,1,2,2,2,0,2,2,2,2,20,1,1,2,2,2,3,3,14,80,0,0,0,0,0,2,2,560,502,76,1,1,1,2,2,2,1,2,2,9,24,83,3,30,0,33,1,2,3,2,1,1,1,2,1,1,1,2,2,2,2,2,2,2,1,30,9,0,1494,1494,0,0,0,0,1,1
="22",="28",="0021",="01",="000",="1",1,1,1,2,5,2,1,2,2,1,1,9,2,2,2,2,2,1,1,12,"",2,1,1,1,2,2,2,1,2,2,2,2,2,22,2,2,2,1,0,0,2,2,1,2,1,1,16,1,1,2,1,1,2,1,9,73,2.1,0,1.05,0,2.8,2,2,310,300,79.3,1,2,1,1,2,2,2,2,2,1,50,77.8,13.6,32,0,32,6,2,1,1,1,2,1,2,1,2,1,1,2,2,2,2,2,2,1,29.3,5,0,2856,837,1279,0,0,0,1,1
="22",="28",="0021",="02",="000",="1",1,1,1,2,5,1,1,2,2,0,1,7,0,0,0,0,1,2,1,4,"",2,1,1,1,2,2,1,0,1,1,1,1,0,14,2,2,1,1,2,0,2,2,1,1,1,1,16,1,2,1,2,2,3,1,12,58,4.41,0.37,0.37,1.1,2.57,2,2,282,274,72.17,1,2,1,1,2,2,2,2,2,1,50,77.2,12.3,31,0,32,4.55,1,1,1,1,2,1,2,1,2,1,1,2,2,2,2,2,2,1,0,0,0,2719,774,837,0,0,0,1,1
="22",="28",="0021",="03",="000",="1",1,2,1,2,6,2,1,2,2,2,1,10,1,2,2,2,2,2,2,13,"",2,1,1,1,2,2,2,1,2,2,2,2,2,22,2,2,2,1,2,2,2,2,2,2,1,1,21,1,2,2,2,2,3,3,15,87,0,0,2.05,0,24.64,2,2,270,250,75,1,2,1,1,1,2,2,2,2,3,8,79.8,0,32,0,32,1,2,1,9,1,2,1,1,1,2,1,1,2,2,1,2,2,2,2,0,0,0,487,391,5,0,0,0,1,1
="22",="28",="0021",="04",="000",="1",1,2,1,1,5,1,1,2,2,0,2,8,1,1,1,1,2,1,1,8,"",2,1,1,0,2,2,1,1,1,1,1,1,0,14,1,2,2,0,2,1,1,0,1,1,1,1,13,1,1,2,2,2,3,1,12,60,0.67,0,1.33,1.33,1.33,2,1,281,249,84.2,1,1,1,2,1,2,2,2,2,1,50,79.6,17.5,32,0,32,0,1,1,1,1,1,1,1,1,2,1,1,2,2,2,2,2,2,1,30.4,0,0,2997,937,1332,0,0,0,3,2
="22",="28",="0021",="07",="000",="1",2,2,2,2,8,2,1,2,1,0,1,7,1,2,2,1,2,1,1,10,"",2,1,2,2,2,2,2,1,2,2,2,2,2,24,2,2,2,1,2,1,2,2,1,2,1,1,19,1,1,2,1,2,3,1,11,79,6.3,0,2.22,0.74,1.85,2,2,282,274,80.7,1,2,1,2,1,2,2,2,2,1,50,76.9,12.9,29.7,0,31,6.4,1,1,1,1,2,2,2,1,2,1,1,2,2,2,2,2,2,1,0,0,0,2700,1154,937,0,0,0,2,2
="22",="28",="0021",="11",="000",="1",1,2,1,1,5,1,1,1,1,1,1,6,0,0,0,0,2,0,1,3,"",2,1,1,1,2,2,1,1,1,1,0,2,0,15,1,2,2,0,2,2,2,0,1,2,2,1,17,1,2,2,2,2,2,1,12,58,1.77,2.12,1.06,1.06,1.77,2,2,284,250,72.17,1,2,1,2,1,2,2,2,2,1,50,83.5,16,33,0,33,4.65,2,1,1,1,2,1,1,1,2,1,1,2,2,2,2,2,2,2,0,0,0,2828,695,928,0,0,0,2,2
="22",="41",="0001",="06",="000",="1",2,1,1,2,6,1,1,1,2,2,1,8,2,2,1,2,1,1,2,11,"",2,1,1,1,1,2,1,0,2,2,2,1,2,18,2,2,2,0,0,0,2,0,2,2,1,1,14,1,2,2,2,2,3,3,15,72,0,0,0,0.62,0.62,1,1,604,534,70.35,1,1,1,2,1,2,2,2,2,1,37,70.1,16,24,0,24,2,1,1,3,1,1,1,2,1,2,1,1,2,2,1,2,2,2,1,36.5,11.1,10.2,1621,1277,207,0,0,0,1,1
="22",="41",="0001",="09",="000",="1",2,1,2,1,6,1,1,0,2,2,2,8,2,2,1,1,1,2,2,11,"",2,1,1,1,1,2,1,1,2,2,2,2,2,20,2,2,2,2,2,2,2,2,2,2,1,1,22,1,2,2,2,2,3,3,15,82,0,1.15,0,0,2.86,1,1,604,534,70.35,1,1,1,2,1,2,2,2,2,1,38,74,7.1,25,0,25,2,1,1,3,1,1,2,2,1,1,1,1,2,2,2,2,2,2,1,34.6,9.4,10.2,1746,602,811,0,0,0,1,1
="22",="41",="0001",="10",="000",="1",2,2,2,2,8,2,2,2,2,2,2,12,2,2,2,1,1,2,2,12,"",2,1,2,1,2,2,1,1,2,2,2,2,2,22,2,2,2,2,2,2,2,2,2,2,2,2,24,1,2,2,2,2,3,3,15,93,0.96,0,0.48,0.48,3.38,1,1,604,534,70.35,1,1,1,1,2,2,2,2,2,1,45,59.4,8.8,26,0,25,2,1,1,3,1,1,2,2,1,1,1,1,2,2,2,2,2,2,1,32.4,8.3,10.2,2074,1010,838,0,0,0,1,2
="22",="41",="0001",="11",="000",="1",1,1,1,1,4,1,1,1,2,2,1,8,2,1,1,1,1,2,2,10,"",0,1,1,1,2,0,1,0,2,2,2,2,2,16,0,2,2,0,0,0,2,2,0,0,1,1,10,1,2,1,2,2,2,2,12,60,0.54,0,1.62,0.54,0.54,1,1,604,534,70.35,1,1,1,2,1,2,2,,2,1,41,73,10.9,24,0,24,1,1,1,3,1,1,2,2,1,1,1,1,2,2,2,2,2,2,1,34.2,8.6,10.2,1848,549,680,0,0,0,1,1
="22",="41",="0001",="12",="000",="1",2,1,1,1,5,1,1,1,1,1,1,6,0,0,0,0,1,1,2,4,"",2,1,1,1,1,1,1,1,2,2,2,2,2,19,1,2,2,0,2,2,2,0,1,1,1,1,15,1,1,2,1,1,2,3,11,60,2.1,0,0,0,0.7,1,1,604,534,70.35,1,1,1,1,2,2,2,2,2,1,34,75.4,11.7,22,0,22,2,1,1,3,1,1,1,1,1,2,1,1,2,2,2,2,2,2,1,34.5,9,10.2,1430,498,626,0,0,0,1,1
="22",="41",="0001",="13",="000",="1",2,1,2,2,7,1,1,1,2,2,1,8,1,2,1,1,1,2,2,10,"",1,1,1,1,2,2,1,1,2,2,2,2,2,20,2,2,2,2,2,2,2,0,2,1,1,1,19,2,2,2,2,2,3,3,16,80,0,0.87,0,0.87,1.74,1,1,604,534,70.35,1,1,1,2,2,2,1,2,2,1,31,52.4,6.3,23,0,23,1,1,1,3,1,1,2,1,1,2,1,1,2,2,2,2,2,2,1,33,8.1,10.2,1147,1039,108,0,0,0,1,1
="22",="41",="0001",="14",="000",="1",1,2,2,1,6,1,1,1,2,2,2,9,2,2,2,2,1,2,2,13,"",2,2,1,1,2,2,2,1,2,2,2,2,2,23,2,2,2,2,2,2,2,2,2,2,2,2,24,2,2,2,2,2,3,3,16,91,1.85,0,0,0,0,1,1,604,534,70.35,1,1,1,1,1,2,2,2,2,1,34,70.8,13.3,24,0,24,2,1,1,3,1,1,2,2,1,2,1,1,2,2,2,2,2,2,1,36.7,9.5,10.2,1620,858,596,0,0,0,1,1
="22",="45",="0001",="01",="000",="1",1,2,2,1,6,1,2,1,1,2,1,8,2,2,2,2,2,2,2,14,"",2,2,2,2,1,2,1,1,2,2,2,2,2,23,2,2,2,0,0,0,1,2,2,"",2,2,15,1,2,2,2,2,1,2,12,78,0,0,0,0,1.5,2,1,491,404,71.9,1,2,1,2,1,1,2,2,2,1,30,86.3,5.6,30,0,26,3,1,1,2,1,1,1,2,1,2,1,1,2,2,2,2,2,2,1,35,13.3,13.3,1333,283,177,0,0,0,1,1
="22",="45",="0001",="02",="000",="1",1,2,2,2,7,2,2,2,2,2,1,11,2,2,2,1,2,2,1,12,"",2,2,1,2,2,2,1,1,1,1,1,1,2,19,2,2,2,1,0,1,2,2,1,2,1,1,17,1,1,2,2,2,3,2,13,79,0.77,0.38,0.38,1.15,7.31,2,2,491,404,71.9,1,2,1,2,1,1,2,2,2,1,46,87.7,11.4,11,0,25,4,1,1,8,1,1,1,2,1,2,1,1,2,2,2,2,2,2,1,37,10.5,0,2600,245,985,0,0,0,1,1
="22",="45",="0001",="03",="000",="1",1,2,2,2,7,2,1,2,1,2,2,10,2,2,2,2,1,2,1,12,"",2,2,1,2,2,2,2,1,2,1,1,1,2,21,2,2,2,1,2,0,2,2,1,2,1,1,18,1,2,2,2,2,3,2,14,82,2.96,1.18,0,0,1.77,2,2,491,404,71.9,1,2,1,2,1,2,2,2,2,1,42,72.4,15.24,25,0,25,3,1,1,8,1,1,1,2,1,2,1,1,2,2,2,2,2,2,1,0,0,13.3,1691,684,452,0,0,0,1,1
="22",="45",="0001",="04",="000",="1",2,2,1,2,7,2,2,2,1,2,1,10,1,2,2,2,2,2,1,12,"",2,2,2,2,2,2,1,1,1,2,2,2,2,23,2,2,2,2,0,1,1,2,1,2,2,2,19,1,1,0,2,2,2,1,9,80,3.15,0.53,0,0,4.2,2,1,491,404,71.9,1,1,1,1,1,2,2,2,2,1,45,66.2,19.3,27,0,24,3,1,1,8,1,1,2,2,1,2,1,1,2,2,2,2,2,2,1,36.8,13,13.3,1903,1053,595,0,0,0,3,1
="22",="45",="0001",="05",="000",="1",1,2,1,1,5,2,1,1,1,1,2,8,1,1,1,2,1,2,1,9,"",2,2,1,2,2,0,1,0,1,2,2,1,2,18,1,2,1,0,2,1,2,0,1,1,1,1,13,1,1,0,2,2,3,2,11,64,1.99,0,0,0,4.47,2,1,491,404,71.9,1,1,1,2,1,2,2,2,2,1,42,92.72,15.28,25,0,25,3,1,1,1,1,1,2,2,1,2,1,1,2,2,2,2,2,2,2,35,11,13.3,2015,317,576,0,0,0,1,1
="22",="45",="0001",="06",="000",="1",1,2,2,1,6,2,2,2,0,2,2,10,2,2,2,2,1,2,2,13,"",2,2,2,2,2,2,1,1,1,2,2,2,2,23,2,2,2,2,1,1,2,2,1,2,2,2,21,1,2,2,2,2,3,1,13,86,1.69,0.42,0.42,0,0.42,2,1,491,404,71.9,1,1,1,2,1,2,2,2,2,1,44,85.7,24.6,26,0,25,4,1,1,1,1,1,2,2,1,1,1,1,2,2,2,2,2,2,1,0,0,0,2362,688,1316,0,0,0,1,1
="22",="45",="0001",="07",="000",="1",1,"",2,0,3,1,2,0,1,2,"",6,2,2,1,2,1,2,1,11,"",1,2,1,1,1,1,1,0,0,0,0,0,2,10,1,1,2,0,0,0,1,2,1,1,1,1,11,1,1,0,2,2,2,1,9,50,0.46,0,1.37,0.46,7.29,2,1,491,404,71.9,1,2,1,2,1,2,2,2,2,1,45,76.64,11.7,26,0,24,3,2,1,8,1,1,2,2,1,2,1,1,2,2,1,1,2,2,1,0,0,13.3,2195,0,0,0,0,0,1,1
="22",="45",="0001",="08",="000",="1",2,1,2,2,7,2,1,1,2,2,1,9,2,2,2,2,1,2,1,12,"",2,2,2,2,2,2,1,1,1,2,2,2,0,21,2,2,2,1,1,1,2,2,1,2,2,2,20,1,2,2,2,2,3,2,14,83,2.46,0.49,0,0.99,4.43,2,1,491,404,71.9,1,1,1,1,2,2,2,2,2,1,39,88.7,16.6,29,0,28,4,1,1,8,1,1,1,1,1,1,1,1,2,2,1,1,2,2,1,36,4,13.3,2030,313,1020,0,0,0,1,2
="22",="45",="0001",="10",="000",="1",1,1,2,1,5,1,2,0,2,2,1,8,0,0,0,2,2,2,1,7,"",2,2,2,2,1,2,0,0,2,2,2,2,0,19,2,2,2,1,0,0,2,2,2,2,1,1,17,1,2,0,2,2,2,2,11,67,0,1.14,0,0,2.29,2,2,491,404,71.9,1,2,1,2,2,2,1,2,2,1,32,46.99,5.18,27,1,25,3,1,1,8,1,1,2,2,1,2,1,1,2,2,1,2,2,2,1,39,15.7,13.3,875,156,677,0,0,0,4,1
="22",="45",="0001",="11",="000",="1",1,1,2,1,5,1,1,1,2,0,1,6,2,2,2,2,1,2,1,12,"",2,2,2,2,2,0,1,0,2,2,2,2,2,21,2,2,2,1,0,1,2,2,1,2,2,2,19,1,1,2,2,2,3,2,13,76,1.89,1.89,1.89,1.26,0.63,2,1,491,404,71.9,1,1,1,2,2,2,2,1,2,6,35,47.1,34.1,26,0,26,2,1,1,2,1,1,2,1,1,2,1,1,2,2,1,1,2,2,1,42,0,13.3,1584,246,949,0,0,0,1,1
="22",="45",="0003",="02",="000",="1",1,2,1,2,6,2,1,1,2,2,2,10,2,2,1,1,1,1,1,9,"",2,2,1,2,2,2,2,2,1,1,1,1,0,19,2,2,2,1,1,1,2,0,2,2,1,1,17,2,1,1,2,2,3,2,13,74,0.89,0.13,0,0,3.55,1,1,632,596,69.1,1,2,1,2,1,2,2,2,2,1,48,85.2,14.2,30.75,0,21,4,1,1,8,1,1,2,2,1,2,1,1,2,2,2,2,2,2,2,34.8,11.6,0,2252,442,1539,0,0,0,2,2
="22",="45",="0003",="03",="000",="1",2,2,1,2,7,2,1,2,2,2,2,11,2,2,2,2,2,1,2,13,"",2,1,2,1,2,2,1,2,2,2,2,2,2,23,2,2,2,1,2,2,2,2,2,2,1,1,21,1,1,2,2,2,2,2,12,87,2.09,0,0,0,2.09,1,1,632,596,69.1,1,1,1,2,2,2,2,1,2,6,36,48.2,53.8,14,0,14,2.46,1,1,8,1,1,2,2,1,2,1,2,2,2,2,1,2,2,2,41.6,0,0,958,27,620,0,0,0,1,1
="22",="45",="0003",="04",="000",="1",1,2,1,1,5,1,2,2,2,2,2,11,0,2,2,2,1,1,1,9,"",2,1,1,1,1,2,1,2,1,1,1,1,0,15,1,2,2,1,0,0,1,2,2,2,2,2,17,1,1,0,2,2,2,2,10,67,1.73,0.43,0.43,0.43,0.43,1,1,632,596,69.1,1,2,1,2,1,2,2,2,2,1,48,70.9,13.5,29,0,29,2,1,1,8,1,1,2,2,1,1,1,1,2,2,2,2,2,2,2,32.2,0,0,2308,531,869,0,0,0,2,1
="22",="45",="0003",="05",="000",="1",2,2,2,2,8,1,2,2,2,2,1,10,2,2,2,1,"",1,2,10,"",2,2,2,2,2,2,1,1,2,2,2,2,2,24,2,2,2,1,2,2,2,2,2,2,1,1,21,2,2,2,2,2,2,2,14,87,0.44,0.44,0,1.76,1.32,1,1,596,596,69.1,1,2,1,1,1,2,2,2,2,1,48,79.2,11.2,29,0,25,2,1,1,8,1,1,2,2,1,1,1,1,2,2,2,2,2,2,1,35.3,8.2,0,2269,160,1309,0,0,0,2,2
="22",="45",="0003",="06",="000",="1",1,1,1,1,4,1,1,1,2,2,1,8,1,2,2,2,1,1,1,10,"",2,2,1,1,2,2,1,1,2,1,2,2,0,19,1,2,2,1,2,2,2,2,2,1,1,2,20,1,1,1,2,1,0,2,8,69,0,1.75,0,0,2.62,1,1,632,596,69.1,1,1,1,1,2,2,1,2,2,1,35,64.2,10,25,0,25,3,1,1,8,1,1,1,1,1,2,1,1,2,2,1,2,2,2,1,31.7,0,0,1145,424,439,0,0,0,1,1
="22",="45",="0003",="07",="000",="1",2,2,1,1,6,2,2,2,2,2,1,11,2,2,2,2,1,1,2,12,"",1,2,2,2,2,0,1,1,2,2,2,2,2,21,2,2,2,2,1,1,2,2,1,2,2,2,21,1,2,2,2,2,3,2,14,85,0.55,0,0,0,1.64,1,1,632,596,69.1,1,2,1,2,2,1,2,2,2,1,39,73.9,8.3,23,0,23,5.75,1,1,8,1,1,2,2,1,1,1,1,2,2,2,2,2,2,1,32.2,8.9,0,1830,169,490,0,0,0,2,2
="22",="45",="0003",="08",="000",="1",2,1,1,2,6,2,1,2,1,2,2,10,2,2,2,1,1,1,1,10,"",2,1,2,2,2,2,1,1,2,2,2,2,0,21,2,2,2,0,2,2,2,2,2,2,1,1,20,1,2,2,2,2,3,3,15,82,0,0,0.89,0,0.89,1,1,632,596,69.1,1,1,1,2,2,1,1,2,2,3,24,85.2,45.4,45,0,45,3,1,1,8,1,1,1,1,1,1,1,2,2,2,1,2,2,2,1,33,10,0,57,42,15,0,0,0,1,1
="22",="45",="0003",="09",="000",="1",1,2,1,1,5,2,1,2,2,2,1,10,2,2,2,2,1,1,2,12,"",2,1,2,1,2,2,1,1,2,1,1,1,2,19,1,2,2,2,2,2,1,0,2,2,1,1,18,1,2,2,2,2,2,2,13,77,1.23,0,0.82,0,1.64,1,1,596,596,69.1,1,2,1,1,2,2,2,2,2,1,52,65.4,19,27,0,27,4,1,1,8,1,1,2,2,1,2,1,1,1,2,1,2,2,2,1,0,0,0,2439,300,1374,0,0,0,2,2
="22",="45",="0003",="10",="000",="1",1,1,2,2,6,2,1,2,1,2,1,9,2,2,2,2,2,1,2,13,"",2,1,1,1,2,2,2,2,2,2,2,2,0,21,2,2,2,2,2,2,1,0,1,2,1,1,18,2,1,2,2,2,2,2,13,80,0.42,0.41,0,0,1.23,1,1,596,596,69.1,1,1,1,1,2,2,2,2,2,1,48,76.6,12.2,28,0,28,5,1,1,8,1,1,1,1,1,1,1,1,2,2,2,2,2,2,1,0,0,0,2444,382,1111,0,0,0,2,2
="22",="45",="0003",="11",="000",="1",1,2,1,1,5,2,2,1,2,2,1,10,2,2,2,1,1,1,1,10,"",1,2,1,2,2,2,1,1,1,1,2,2,2,20,2,2,2,0,2,1,1,0,1,2,2,2,17,1,1,2,2,2,3,2,13,75,0.43,0,0.86,0,0.43,1,1,596,596,69.1,1,1,1,2,1,2,2,2,2,1,50,76,10.1,28,0,20,5,1,1,8,1,1,2,2,1,2,1,1,2,2,2,2,2,2,1,38.7,0,0,2316,479,777,0,0,0,2,2
="22",="45",="0003",="12",="000",="1",1,2,2,2,7,1,1,1,2,2,1,8,2,2,2,2,1,1,2,12,"",1,1,2,2,2,2,1,1,1,2,2,2,0,19,2,2,2,1,2,2,2,2,2,2,1,1,21,1,1,2,2,2,2,3,13,80,1.63,0,0.41,0.41,0.41,1,1,596,596,69.1,1,2,1,1,2,2,2,2,2,1,50,76.5,13.6,30,0,29,5,1,1,8,1,1,2,2,1,1,1,1,2,2,2,2,2,2,1,36.3,0,0,2455,769,743,0,0,0,2,2
="22",="45",="0003",="13",="000",="1",0,1,1,1,3,1,1,2,1,2,1,8,2,2,2,2,2,1,1,12,"",2,1,1,1,2,2,2,1,2,2,2,2,2,22,2,2,2,1,2,2,1,0,1,2,2,1,18,1,2,2,1,2,0,3,11,74,1.99,1.99,0.5,0.5,1.99,1,1,596,596,78.79,1,2,1,2,1,2,2,2,2,1,45,69.9,11.9,24,0,24,4,1,1,8,1,1,1,1,1,1,1,1,2,2,2,2,2,2,1,0,0,0,2009,322,322,0,0,0,1,1
="22",="45",="0003",="14",="000",="1",1,2,1,2,6,2,2,2,2,2,2,12,2,2,2,2,2,1,1,12,"",2,2,2,2,2,2,1,1,2,2,2,2,2,24,2,2,2,1,2,0,2,2,2,2,2,2,21,1,2,2,2,2,3,2,14,89,1.69,0.56,0,0,0,1,1,632,596,69.1,1,2,1,2,1,2,2,2,2,1,45,69.4,16.8,25,0,25,3.54,1,1,8,1,1,2,2,1,1,1,1,2,2,2,2,2,2,1,33.7,11,0,1779,287,737,0,0,0,2,2
="22",="45",="0003",="16",="000",="1",2,2,2,2,8,2,2,2,2,2,2,12,2,2,2,2,2,2,1,13,"",2,2,2,2,2,2,0,1,2,2,2,2,2,23,2,2,2,2,2,2,2,2,2,2,2,2,24,2,2,2,2,2,3,3,16,96,0,0,4.41,0,1.47,1,1,632,596,69.1,1,1,1,2,1,2,2,2,2,3,16,54.3,30.5,45,0,45,2,1,1,8,1,1,1,1,1,1,1,2,2,2,2,2,2,2,1,0,0,0,680,680,0,0,0,0,1,1
="22",="45",="0003",="17",="000",="1",2,2,2,2,8,2,1,2,2,2,1,10,1,2,1,1,2,1,1,9,"",1,2,1,2,2,0,1,1,2,2,2,2,2,20,2,2,2,2,2,2,2,0,2,1,1,1,19,1,2,2,2,2,3,3,15,81,0,0,1.12,0,2.24,1,1,632,596,69.1,1,2,1,2,2,2,2,2,2,3,20,77.2,10.3,45,0,41,3,1,1,8,1,1,2,2,1,1,1,1,2,2,2,1,2,2,1,36.5,12.1,0,894,727,120,0,0,0,1,1
="22",="45",="0004",="01",="000",="1",1,2,1,2,6,1,1,2,1,2,1,8,1,1,1,2,2,1,1,9,"",2,1,1,1,2,2,1,0,2,2,2,2,2,20,2,2,1,1,0,0,2,2,1,1,1,1,14,1,1,2,1,1,2,2,10,67,1.58,0,0,0,3.16,3,5,196,75,59.4,1,2,2,1,1,2,2,2,2,1,28,52.3,11.4,16,6,22,4,1,1,2,2,2,2,2,1,2,1,1,2,2,2,2,2,2,1,0,0,0,632,164,225,0,0,0,2,2
="22",="45",="0004",="02",="000",="1",1,2,2,2,7,2,2,2,2,2,2,12,1,1,1,2,2,1,1,9,"",2,2,1,2,2,2,2,0,2,2,2,2,2,23,2,2,2,2,0,0,2,2,1,2,2,2,19,1,2,2,2,2,1,2,12,82,2.18,0,0,0,0.44,4,2,196,96,67,1,1,2,1,1,2,2,2,2,1,46,67,11,28,3,28,6,1,1,6,1,1,1,1,1,2,1,1,2,2,2,2,2,2,2,0,0,0,2298,545,583,0,0,0,2,2
="22",="45",="0004",="03",="000",="0",1,2,1,2,6,2,2,1,1,2,1,9,1,1,1,2,2,1,1,9,"",2,2,1,2,2,2,1,0,2,2,2,2,2,22,1,2,2,2,0,0,2,2,2,1,1,1,16,1,2,2,1,2,2,1,11,73,1.61,0.4,1.21,0,0,3,5,198,52,0,1,2,2,2,2,2,2,2,2,8,52,76.8,25.1,25.8,1.8,25.8,7,1,1,1,2,2,1,2,1,3,1,2,2,2,2,2,2,2,1,0,0,0,2477,629,1384,0,0,0,2,2
="22",="45",="0004",="04",="000",="1",2,2,2,2,8,2,1,1,2,2,2,10,2,2,1,2,2,1,1,11,"",2,2,1,2,2,2,1,0,2,2,2,2,2,22,2,2,2,1,0,1,2,2,2,1,1,1,17,1,2,2,1,2,1,0,9,77,1.65,0,0.55,0,0,3,1,196,99,75,1,,2,1,1,2,2,2,2,4,45,63,27.9,13,6,18,6,1,1,2,1,2,1,2,1,4,1,2,2,1,2,2,2,1,1,46,13.8,14,1814,844,646,0,0,0,2,2
="22",="47",="0002",="01",="000",="1",1,2,1,2,6,2,1,1,2,2,2,10,1,2,2,1,2,2,1,11,"",2,2,1,0,2,0,1,1,1,1,1,1,2,15,2,2,2,2,2,2,2,2,2,1,1,1,21,1,1,2,1,2,3,2,12,75,1.32,0,0,0,1.98,1,1,560,73.7,73.7,1,2,1,2,2,1,2,2,2,1,31,80.9,6.8,22,0,22,3,2,1,8,1,1,1,1,1,1,1,1,2,2,2,2,2,2,1,35.2,8.5,9.6,1514,232,565,25210609,19505950165,985234,1,2
="22",="47",="0002",="02",="000",="1",0,0,1,2,3,1,1,1,2,2,2,9,2,2,2,2,2,"",1,11,"",2,1,1,1,2,0,1,2,2,2,0,2,2,18,2,2,2,0,0,0,2,2,1,2,1,2,16,1,1,2,2,2,3,3,14,71,2.02,2.02,2.02,1.01,1.01,1,1,600,550,73.7,1,1,1,1,2,2,1,2,2,1,38,58.3,10.3,30,0,30,2,2,1,8,1,1,2,2,1,2,1,1,2,2,2,2,2,2,1,30.5,6.6,0,992,349,491,0,0,0,1,1
="22",="47",="0002",="03",="000",="1",2,1,1,2,6,1,1,1,1,2,2,8,2,2,2,2,2,1,1,12,"",2,1,2,1,2,0,2,2,1,1,1,1,2,18,1,2,2,1,"","",2,2,2,2,1,1,16,1,2,1,2,2,2,2,12,72,0.89,0.89,0.45,0,1.34,1,1,600,48,73.7,1,1,1,2,1,2,2,2,2,1,48,72.2,18.2,31,0,31,5,2,1,8,1,1,1,1,1,1,1,1,2,2,2,2,2,2,1,28.8,0,0,2241,598,1343,0,0,0,1,1
="22",="47",="0002",="04",="000",="1",1,1,2,2,6,2,1,1,1,2,2,9,1,2,1,1,1,2,1,9,"",2,1,2,1,1,0,1,1,1,1,1,1,2,15,2,2,2,1,1,1,2,2,1,2,1,2,19,1,2,1,2,1,3,2,12,70,5.76,0,0,0,0.41,1,1,600,560,73.5,1,1,1,2,1,2,2,2,2,1,48,76.3,8.9,34,0,33.08,2,1,1,8,1,1,1,1,1,1,1,1,2,2,2,2,2,2,1,32,8.3,9.6,2432,370,864,2521060,1950595,98523,1,1
="22",="47",="0002",="05",="000",="1",2,1,2,2,7,2,1,2,2,2,1,10,2,1,1,1,2,1,1,9,"",2,1,2,1,2,0,1,2,2,2,2,2,2,21,2,2,2,2,1,1,1,2,1,2,2,2,20,1,1,2,2,2,2,2,12,79,0.93,0.46,0,0,0.46,1,1,600,550,73.7,1,2,1,1,2,2,2,2,2,1,48,73.8,14.4,32,0,33,5,1,1,8,1,1,1,2,1,2,1,1,2,2,2,2,2,2,1,30.9,7.28,0,2160,500,709,0,0,0,1,2
="22",="47",="0002",="06",="000",="1",2,2,2,2,8,2,1,1,1,2,2,9,0,0,0,0,2,2,1,5,"",2,1,1,1,2,0,"","",2,2,"",2,2,15,2,2,2,2,2,2,2,2,1,1,2,1,21,1,2,2,2,2,3,3,15,73,0,0,2.56,0,0,1,1,600,560,74,1,1,1,2,2,2,2,2,2,3,8,67,6,33,0,33,2,1,1,8,1,1,1,2,1,1,1,2,2,2,2,2,2,2,2,33,9.7,9.6,71,71,0,25210609666,19505950165,985234428,1,1
="22",="47",="0002",="07",="000",="1",2,2,1,2,7,2,1,2,2,2,2,11,0,0,1,2,2,1,1,7,"",2,1,2,1,2,0,2,2,2,2,2,2,2,22,2,2,2,"",2,2,2,2,1,2,2,2,21,1,2,1,2,2,3,3,14,82,0,0,0,2.27,0,1,1,600,466,73.7,1,1,1,2,2,1,1,2,2,3,32,70.2,9.4,44,0,44,3,2,1,8,1,1,1,2,1,2,1,2,2,2,2,2,2,2,1,34.1,9.6,0,441,441,0,0,0,0,1,1
="22",="47",="0002",="08",="000",="1",1,2,1,1,5,2,1,2,2,2,2,11,2,2,"",2,2,1,1,10,"",2,1,2,1,2,0,2,2,2,2,2,2,2,22,2,2,2,2,2,2,2,2,2,2,1,1,22,1,2,2,2,2,2,3,14,84,0,0,0,0,0,1,1,600,0,737,1,1,1,2,2,1,2,2,2,1,32,702,94,21,0,21,2,2,1,8,1,2,1,2,1,2,1,1,2,2,2,2,2,2,1,332,93,0,1100,354,483,0,0,0,1,1
="22",="47",="0002",="09",="000",="1",2,2,2,2,8,2,1,2,2,2,2,11,1,1,2,2,2,1,1,10,"",2,1,2,1,2,2,1,2,2,2,2,2,2,23,2,2,2,2,1,1,2,2,1,2,2,2,21,2,2,2,2,2,2,3,15,88,0,0,0,1.26,5.03,1,1,560,73.57,81.2,1,1,1,1,2,2,2,2,1,1,20,81.2,9.8,32.85,0,34,2.31,2,1,8,1,1,1,1,1,4,1,1,2,2,2,2,2,2,1,42.5,15,9.6,796,63,157,25210609,19505950,985234,1,1
="22",="47",="0002",="10",="000",="1",1,2,1,1,5,1,1,2,2,2,2,10,2,2,2,2,1,2,2,13,"",2,1,2,1,2,0,1,1,2,1,1,2,0,16,2,2,2,0,0,1,2,2,2,2,2,2,19,1,2,2,2,2,1,2,12,75,4.87,0,2.44,0,0,1,1,600,560,73.57,1,1,1,2,2,2,2,1,2,6,40,63.9,43.2,23.54,0,23,23,2,1,8,1,1,1,1,1,2,1,2,2,2,2,1,2,2,1,36.9,9.6,9.6,1231,102,347,25210609,19505950,985234,1,1
="22",="47",="0002",="11",="000",="1",2,1,2,2,7,2,1,1,2,2,2,10,0,2,2,1,1,2,1,9,"",2,1,2,0,2,0,2,2,2,2,2,2,2,21,2,2,2,2,2,0,2,2,1,2,2,2,21,2,2,2,2,2,2,2,14,82,1.43,0,0.48,0.48,3.8,1,1,560,73.57,73.57,1,1,1,2,1,2,2,2,1,1,48,82.1,13.2,29.5,0,21,3.85,1,1,8,1,2,1,2,1,2,1,1,2,2,2,2,2,2,1,31.1,7.7,9.6,2105,557,1023,25210609666,19505950165,985234428,1,2
="22",="47",="0002",="12",="000",="1",2,1,2,2,7,2,1,1,2,2,1,9,2,2,2,2,2,1,1,12,"",2,1,2,1,2,0,2,2,2,2,2,2,0,20,1,2,2,1,1,1,2,2,2,2,2,2,20,1,2,2,2,2,3,2,14,82,1.16,0,0.39,0.39,3.48,1,1,600,560,73.7,1,1,1,2,1,2,2,2,2,1,48,88.2,10.7,31,0,31,4,1,1,8,1,1,1,1,1,1,1,1,2,2,1,1,2,2,1,30.1,5.8,5.8,2584,589,835,25210609666,19505950165,985234428,1,2
="22",="47",="0002",="13",="000",="1",1,2,1,1,5,1,2,1,1,2,2,9,2,2,2,2,2,1,2,13,"",2,2,2,2,2,0,1,2,1,2,1,1,2,20,2,2,2,1,1,1,2,2,1,2,2,2,20,1,2,2,2,2,3,2,14,81,0.82,0,0.41,0.82,0.82,1,1,600,560,73.57,1,1,1,2,1,2,2,2,2,1,48,90.2,15.8,35,0,35,4,2,1,8,1,1,1,2,1,2,1,1,2,2,2,2,2,2,1,32.5,8.2,9.6,2446,153,549,25.21,19.505,985.234,1,2
="22",="47",="0002",="14",="000",="1",2,1,1,2,6,2,2,2,2,2,2,12,1,2,2,1,2,1,1,10,"",2,2,2,2,2,0,1,2,2,2,2,2,2,23,2,2,2,2,2,1,2,2,2,2,1,1,21,2,1,2,2,2,2,2,13,85,4.89,0.75,0,0,0.75,1,1,600,560,73.57,1,1,1,1,2,2,2,2,2,1,48,76.8,15.4,31.5,0,31,6,1,1,8,1,1,1,1,1,1|2,1,1,2,2,2,2,2,2,1,30.5,5.9,0,2659,527,2659,25210609666,19505950165,985234428,2,1
="22",="47",="0002",="15",="000",="1",2,1,1,2,6,1,2,1,2,2,2,10,2,1,2,1,2,1,1,10,"",2,2,1,1,2,0,2,2,2,2,2,2,0,20,2,1,2,0,0,1,2,2,1,2,2,2,17,1,2,1,2,2,2,2,12,75,1.25,0,0,0,2.91,1,1,600,560,73.57,1,2,1,2,1,2,2,2,2,1,47,83.6,9.8,0,0,35,3,1,3,8,1,1,1,1,1,2,1,1,2,2,2,2,2,2,1,31.2,6.7,9,9.6,254,1029,25210609666,19505950165,985234428,1,1
="22",="47",="0002",="16",="000",="1",2,2,2,2,8,2,1,2,2,2,2,11,2,1,2,2,2,1,2,12,"",2,2,2,2,2,0,2,2,2,2,2,2,2,24,2,2,2,2,1,1,2,2,2,2,2,2,22,2,2,2,2,2,3,3,16,93,0,0,0,0,0,1,1,600,560,73.57,1,1,1,1,2,2,2,2,2,5,37,38.4,13.3,32.77,0,33,0.77,2,1,8,1,1,1,1,1,2,1,1,2,2,1,2,2,2,1,32.1,8.1,9.6,187,28,132,25210609,19505950,985234,1,1
="22",="47",="0002",="17",="000",="1",1,2,1,1,5,1,1,1,1,2,2,8,0,0,0,0,0,1,1,2,"",1,1,1,1,2,1,1,2,0,0,0,0,2,12,2,2,2,0,1,1,2,2,1,2,1,1,17,1,1,2,2,2,3,3,14,58,2.92,0,11.66,0,0,1,1,600,550,73.7,1,2,1,1,2,2,2,2,2,9,6,66.1,8,25,0,19,0,2,1,8,1,1,1,2,1,2,1,1,2,2,1,2,2,2,1,36,10.6,0,343,285,55,0,0,0,1,1
