"ID","è≥ë¯",S1TTL,S2TTL,S3TTL,S4TTL,S5TTL,S6TTL,STTL,101,102,103,104,105,111,112,113,114,115,116,117,118,119,1110,1111,1112,1113,1114,1115,1116,1117,1118,1119,1120,1121,1122,1123,1124,1125,1126,1127,1128,1129,1131,1132,1133,1135,1136,1137,1138,1139,1140,1141,1142,1143,1144,1145,1146,1147,1148,1149,1150,1151,P1TTL,P2TTL,P3TTL,P4TTL,P5TTL,P6TTL,PTTL,201,202,203,204,205,206,207,208,211,212,214,219,O1TTL,O2TTL,O3TTL,O4TTL,O5TTL,O6TTL,OTTL,301,302,303,1111,1121,2111,2131,3111,3131,4111,4121,4131,5111,5121,6111,6121
22-02-0002-05,1.00,7.0,12.0,12.0,24.0,18.0,14.0,87.0,0.93,0.46,1.39,0,0.93,2,5,287,237,70,1,1,1,1,2,2,2,2,2,1,42,77.3,13.1,30,0,30,6,2,2,4,1,2,2,2,1,2,1,1,2,2,2,2,2,2,2,37,0,0,2162,394,1218,0,0,0,17.8,15.6,10.4,19.6,9.6,19.6,92.6,7.3,3.2,1.4,71,0,38,1,1.2,3.4,2.4,2.8,0,5.5,5.7,2.0,8.4,5.6,5.2,32.3,60.034482758621,1.1379310344828,14.965517241379,2.62,2.90,2.83,2.83,2.00,0.03,2.79,2.72,2.90,2.69,2.86,2.72,2.45
22-02-0002-06,1.00,5.0,10.0,13.0,17.0,16.0,11.0,72.0,1.06,0,0,0,1.06,2,5,333,283,65,1,1,1,1,2,1,1,2,2,1,43,67,13,27,1,24,7,2,2,2,1,2,2,2,1,4,1,1,1,1,1,1,2,1,2,37,0,0,1894,831,720,0,0,0,17.6,12.6,12.8,21.0,10.4,18.6,93.0,12.6,4.2,1.2,79.2,0,36,1,0.8,2.2,2.6,2.2,0,5.4,5.6,3.1,8.1,5.6,5.2,32.8,50.421052631579,1.6842105263158,9.0526315789474,2.63,2.74,2.68,2.89,2.26,0.79,2.84,2.63,2.58,2.79,2.84,2.79,2.37
22-02-0002-09,1.00,6.0,11.0,12.0,24.0,14.0,13.0,80.0,0.81,0,0.81,0,1.21,2,2,369,238,69,1,2,1,2,1,2,2,2,2,1,45,82.7,22,27,0,27,9,2,2,4,1,2,2,2,1,2,1,1,2,2,2,2,2,2,2,40,0,0,2481,1015,1234,0,0,0,18.0,11.0,4.7,18.3,9.0,20.0,81.0,13.666666666667,2.3333333333333,1.6666666666667,88.333333333333,0,30,1,1,2.3333333333333,3.6666666666667,3.6666666666667,0,5.0,5.6,2.2,7.6,4.8,5.6,30.8,54.0625,1.125,19.375,2.50,2.50,2.81,2.81,2.00,0.25,2.63,2.31,2.63,2.44,2.38,2.81,2.75
22-02-0002-10,1.00,5.0,12.0,11.0,24.0,18.0,14.0,84.0,0.95,0,0,0,0.47,2,2,238,224,70,1,2,1,1,1,2,2,2,2,1,46,68.2,10,25,0,30,8,2,2,4,1,2,2,2,1,2,1,1,2,2,2,2,2,2,2,0,0,0,2107,558,756,0,0,0,,,,,,,,,,,,,,,,,,,,5.2,5.6,3.0,7.7,4.8,5.4,31.7,59.892857142857,1.4285714285714,9.5357142857143,2.64,2.54,2.82,2.75,2.07,0.89,2.57,2.54,2.61,2.46,2.36,2.82,2.61
22-02-0003-02,1.00,6.0,8.0,13.0,14.0,15.0,12.0,68.0,2.3,0.33,0.66,0,1.32,2,1,628,572,83.1,1,2,1,1,2,2,2,2,2,1,50,95.4,10.72,30,0,29,6,1,2,8,1,1,2,2,1,1,1,1,2,2,2,2,2,2,2,0,0,0,3038,688,1435,0,0,0,20.0,15.6,11.4,22.8,9.8,20.2,99.8,10.6,2.32,1.6,64.8,0,36,1,1.2,2.8,3.4,3.6,0,4.8,5.1,1.8,6.9,4.2,4.0,26.8,50.208333333333,1,5.2916666666667,2.50,2.33,2.50,2.58,1.21,0.54,2.29,2.17,2.42,2.04,2.13,2.21,1.83
22-02-0003-03,1.00,8.0,11.0,13.0,11.0,19.0,12.0,74.0,2.16,0.36,0.36,1.08,0,2,1,628,50,96.3,1,1,1,1,1,2,2,2,2,1,50,93.5,10.6,33,0,31,8,1,3,8,1,1,1,2,1,2,1,1,2,2,1,2,2,2,1,30.6,0,0,2776,859,1744,0,0,0,20.4,15.8,12.0,25.0,10.0,20.6,103.8,14.2,4.4,1.4,74.2,0,63,1,1,3,3,2.6,0,5.5,5.8,3.2,8.2,5.5,5.6,33.8,70.633333333333,1.3666666666667,13.6,2.87,2.67,2.90,2.90,2.57,0.67,2.77,2.73,2.67,2.70,2.80,2.90,2.67
22-02-0003-04,1.00,6.0,11.0,11.0,22.0,17.0,10.0,77.0,2.02,0.34,1.34,0.34,0.67,2,2,628,572,83.1,1,1,1,2,1,2,2,2,2,1,50,99.6,20.7,30,0,30,6,1,3,8,1,1,1,1,1,2,1,1,2,2,1,2,2,2,2,31.7,0,0,2975,1399,1322,0,0,0,16.4,14.6,8.6,22.0,10.0,17.8,89.4,14.2,4.4,1.8,64,0,44,1,1,3,3.2,3.2,0,4.8,5.3,1.5,7.4,4.5,4.7,28.2,63.8,1.3666666666667,21.466666666667,2.47,2.37,2.70,2.60,1.20,0.33,2.60,2.50,2.27,2.13,2.33,2.47,2.20
22-02-0003-05,1.00,8.0,8.0,14.0,23.0,19.0,14.0,86.0,3.31,0,1.1,6.63,3.31,2,2,608,454,93.5,1,2,1,1,2,2,2,2,2,1,50,98,11,32,0,32,8,1,2,8,1,1,1,1,1,2,1,1,2,2,2,2,2,2,2,0,0,0,2716,877,1028,0,0,0,20.0,16.4,10.8,26.4,10.6,20.4,104.6,11,3.5,1.4,68.6,0,57,1,1,2,2,2.4,0,4.6,5.4,1.2,6.9,4.6,5.1,27.8,59.1875,1.3125,9.6875,2.25,2.31,2.69,2.75,0.88,0.38,2.00,2.44,2.50,2.13,2.44,2.63,2.44
22-02-0003-07,1.00,4.0,11.0,5.0,20.0,21.0,14.0,75.0,3.15,3.15,2.1,0,0.7,2,1,50,612,78,1,1,1,2,1,2,2,2,2,1,50,85.5,12.9,32,0,32,6,1,2,8,1,1,1,1,1,2,1,1,2,2,2,2,2,2,1,31.4,0,0,2765,700,916,1227680537,0,0,20.0,16.2,13.0,24.4,10.4,22.6,106.6,5.8,3,1.6,75.4,0,44,1,1,2.6,3,2.8,0,5.0,5.3,1.2,7.1,4.2,4.9,27.7,52,1.4038461538462,9.6923076923077,2.48,2.56,2.73,2.58,0.94,0.23,2.37,2.40,2.33,1.94,2.21,2.40,2.52
22-02-0003-08,1.00,7.0,10.0,5.0,20.0,17.0,12.0,71.0,0.78,0.78,1.17,0,0,2,2,521,498,98.2,1,2,1,2,1,1,1,2,2,1,46,93,13.8,29,0,27,7,1,2,8,1,1,2,2,1,2,1,1,2,2,2,2,2,2,2,0,0,0,2571,1107,692,0,0,0,19.2,14.5,11.2,24.8,9.5,21.0,100.2,19,3.25,2,76.5,0,70,1,1.25,3,3,2.75,0,4.8,5.5,2.3,7.1,4.5,5.0,29.3,51.291666666667,1.7916666666667,8.375,2.58,2.25,2.81,2.67,1.58,0.71,2.29,2.44,2.42,2.08,2.42,2.69,2.35
22-02-0003-09,1.00,5.0,10.0,12.0,25.0,13.0,14.0,79.0,0,0.51,1.02,0,0.51,2,2,628,572,83.1,1,2,1,2,2,1,2,2,2,9,52,74.1,7.63,48,0,44,5,1,3,8,1,1,2,2,1,1,1,2,2,2,1,2,2,2,1,0,0,0,1960,115,884,0,0,0,19.0,15.2,8.0,21.6,8.6,21.0,93.4,10.75,5.5,2,35.5,0,47.5,1,1.5,3,3.25,3.5,0,5.5,5.4,1.2,7.5,4.9,5.2,29.7,35.6,1.84,8.68,2.84,2.68,2.72,2.64,1.20,0.00,2.52,2.48,2.52,2.28,2.60,2.68,2.56
22-02-0003-15,1.00,5.0,4.0,9.0,13.0,9.0,10.0,50.0,3.44,0,0.69,0,0,2,2,510,510,93.5,1,2,1,1,2,2,2,1,2,6,50,47.8,43.8,22,0,19,2,2,2,8,1,1,2,2,1,2,1,2,2,2,1,1,2,2,2,0,0,0,1454,32,185,0,0,0,15.0,10.6,10.2,15.0,7.6,18.2,76.6,14.6,3.2,1.6,48.2,0.2,57,0.8,0.8,2.8,2.4,2.8,0,4.8,4.9,1.1,5.6,4.2,4.9,25.5,44.470588235294,1.6470588235294,38.764705882353,2.41,2.41,2.71,2.24,0.94,0.12,1.41,2.12,2.12,2.12,2.06,2.29,2.59
22-02-0003-16,1.00,7.0,8.0,13.0,23.0,19.0,14.0,84.0,3.88,0,9.71,0,0,2,1,628,552,80,1,2,1,1,2,2,2,2,2,2,20,39.8,22,17,0,17,1,2,1,8,1,1,2,2,1,4,1,2,1,2,2,2,2,2,1,37,0,0,515,375,123,0,0,0,18.0,14.2,11.0,23.0,10.6,21.2,98.0,19,1.8,2,68.4,0,73,1,1,2.4,1.8,2.4,0,6.0,5.5,5.0,8.0,6.0,6.0,36.5,65.5,1.5,16.5,3.00,3.00,3.00,2.50,2.50,2.50,2.50,3.00,2.50,3.00,3.00,3.00,3.00
22-02-0003-17,1.00,5.0,11.0,8.0,22.0,19.0,15.0,80.0,0.65,0,1.31,0.65,5.23,2,1,628,572,93.5,1,2,1,2,1,2,2,2,2,3,20,89.1,2.51,32,0,32,5,1,1,8,1,1,2,2,1,1,1,2,2,2,2,2,2,2,2,0,0,0,1529,954,140,0,0,0,20.5,11.5,6.5,25.0,11.5,21.0,96.0,15.5,25,1,76.5,0,35,1,1,2.5,2.5,2,0,4.2,5.0,5.0,7.8,5.0,5.0,32.0,63,1.5,0.5,2.00,2.25,3.00,2.00,2.75,2.25,3.00,2.75,2.00,2.00,3.00,2.75,2.25
22-02-0003-18,1.00,4.0,11.0,3.0,22.0,23.0,14.0,77.0,0,0,2.39,2.39,0,2,1,628,572,80.6,1,1,1,2,1,2,2,2,2,3,6,94.7,7.4,23,0,23,1,2,2,8,1,1,1,1,1,2,1,2,2,2,2,2,2,2,1,0,0,0,48,304,0,0,0,0,21.8,15.0,13.8,26.6,10.6,21.2,109.0,10.75,5,1.5,48.75,0,55,1,1,3,3.25,3.75,0,5.8,5.3,2.0,8.0,5.1,5.5,31.7,63.083333333333,1.3333333333333,8.75,2.75,3.00,2.67,2.67,1.58,0.42,2.58,2.58,2.83,2.42,2.67,2.75,2.75
22-07-0003-01,1.00,5.0,7.0,13.0,21.0,13.0,11.0,70.0,0.51,0,1.02,0,0,2,5,215,193,70.8,1,2,1,1,2,2,2,2,2,2,18,58.2,38.1,17,0,14,2,1,2,1,1,1,1,1,1,2,1,2,1,2,2,2,2,2,1,44.1,0,0,1965,556,265,0,0,0,18.6,14.8,11.8,24.0,10.4,22.2,101.8,23,4.6,1.4,80,0,70,1,1,2.2,2.8,3,0,5.2,4.8,5.6,7.0,5.0,4.8,32.4,62.2,1,21,2.60,2.60,2.40,2.40,3.00,2.60,2.20,2.60,2.20,2.20,2.80,2.80,2.00
22-07-0003-02,1.00,7.0,10.0,8.0,19.0,19.0,13.0,76.0,6.64,0.66,0,0,3.32,4,5,215,215,71,1,0,1,2,1,2,2,2,2,1,34,71,11.6,25,0,25,3,2,2,1,1,1,1,2,1,2,1,1,2,2,2,2,2,2,2,0,0,0,1505,210,780,0,0,0,19.4,14.6,8.6,21.4,9.6,20.0,93.6,16.6,3,1,80.4,0,94,1,1,2.4,2,2.8,0,5.4,5.9,2.3,8.1,5.2,5.3,32.1,60.266666666667,1.2333333333333,12.3,2.73,2.63,2.97,2.97,1.57,0.70,2.70,2.70,2.67,2.50,2.67,2.80,2.53
22-07-0003-03,1.00,6.0,8.0,7.0,18.0,13.0,12.0,64.0,2.97,0.59,0,0,4.16,1,5,193,193,708,1,2,1,2,1,2,2,2,2,1,42,70.8,11.3,24,0,23,3,1,2,1,1,1,2,2,1,2,1,1,2,2,2,2,2,2,1,0,0,0,1682,352,894,0,0,0,19.2,15.2,10.2,16.8,8.5,20.8,90.8,16.25,6,1.5,70.25,0,92.5,1,1,2.5,2.5,3,0,5.4,5.8,2.1,7.7,5.2,5.4,31.6,61.034482758621,1.3793103448276,8.9655172413793,2.79,2.66,2.97,2.83,1.31,0.79,2.59,2.59,2.52,2.55,2.66,2.83,2.55
22-07-0003-04,1.00,6.0,10.0,9.0,21.0,17.0,12.0,75.0,1.54,0.51,1.03,6.17,1.54,2,5,215,175,61.4,1,2,1,1,2,2,2,2,2,1,42,79.3,19.3,25,0,25,3,1,1,1,1,1,1,1,1,2,1,1,2,2,2,2,2,2,1,38.92,3.1,21.9,1945,360,710,0,0,0,20.2,15.8,11.0,23.0,9.2,20.8,100.0,14.25,4.5,1.75,67,0,50,1,1,3,3,3,0,5.6,5.5,2.2,7.5,5.3,5.1,31.1,52.321428571429,1.1428571428571,20.357142857143,2.82,2.75,2.68,2.82,1.54,0.68,2.18,2.61,2.68,2.57,2.71,2.64,2.46
22-07-0003-05,1.00,8.0,9.0,10.0,21.0,15.0,14.0,77.0,1.78,0,0,0,0.45,2,5,193,165,70.1,1,1,1,1,2,2,2,2,2,1,42,65.3,9.6,24,0,24,3,1,2,1,1,1,1,2,1,2,1,1,2,2,2,2,2,2,1,0,0,0,2247,520,1055,0,0,0,19.0,10.8,7.8,20.8,8.8,21.2,88.4,16.4,4,1.2,77.6,0,30,1,1,2.2,2,2.6,0,5.2,5.7,1.9,8.0,5.4,4.9,31.2,66.655172413793,1.3448275862069,6.3103448275862,2.55,2.69,2.86,2.86,1.31,0.62,2.48,2.90,2.62,2.69,2.72,2.59,2.34
22-07-0003-06,1.00,6.0,10.0,10.0,20.0,16.0,14.0,76.0,6.79,0,0,25.47,1.7,2,6,226,193,70.8,1,2,1,1,2,2,2,2,2,5,30,29.2,10.7,17,0,17,2,2,2,2,1,1,1,2,1,2,1,2,2,2,1,2,2,2,1,45,0,0,589,190,343,0,0,0,21.0,15.4,10.0,20.4,8.8,22.4,98.0,19,8.8,1.6,1675.2,0,156,1,1,3,3,3.2,0,5.5,5.8,1.5,7.8,5.6,6.0,32.2,57.181818181818,1.1818181818182,9.5454545454545,3.00,2.45,3.00,2.82,1.09,0.36,2.64,2.73,2.45,2.82,2.82,3.00,3.00
22-14-0001-01,1.00,7.0,10.0,5.0,20.0,20.0,13.0,75.0,3.53,0,1.18,3.53,5.29,4,5,367,232,79.1,1,2,1,2,1,2,2,2,2,1,34,79.2,20.3,19.6,0,19,4.8,1,1,2,1,1,1,1,1,2,1,1,2,2,2,2,2,2,1,0,0,6.1,1701,640,536,0,0,0,15.4,7.8,6.6,11.8,6.2,18.4,66.2,4.2,2.6,1.6,79.2,0,37,1,1.2,3.8,3.2,3.4,0,4.6,5.2,3.8,7.5,5.1,5.2,31.4,50.925925925926,1.1111111111111,13.148148148148,2.44,2.19,2.59,2.59,1.85,1.93,2.37,2.59,2.56,2.44,2.63,2.78,2.44
22-14-0001-02,0.80,,,,,,,,,,,,,,,,,,,,,,,,,,,,,,,,,,,,,,,,,,,,,,,,,,,,,,,,,,,,,,16.8,10.0,8.6,18.0,9.2,19.6,82.2,8.4,4.2,2,80,0,33,1.4,1,3.4,3,3.6,0,5.6,5.8,3.4,8.0,5.2,5.6,33.6,56.068965517241,1.448275862069,12.586206896552,2.97,2.66,2.86,2.90,2.00,1.38,2.62,2.72,2.69,2.62,2.62,2.86,2.69
22-14-0001-03,1.00,,,,,,,,,,,,,,,,,,,,,,,,,,,,,,,,,,,,,,,,,,,,,,,,,,,,,,,,,,,,,,17.0,7.0,6.0,12.5,10.5,21.0,74.0,11.5,6.5,1.5,71.5,0,17.5,1.5,1,3.5,3,3,0,5.0,5.5,3.3,7.2,5.1,5.0,31.2,66.384615384615,1.3076923076923,9.6923076923077,2.54,2.46,2.85,2.65,1.81,1.50,2.15,2.58,2.50,2.50,2.58,2.62,2.42
22-14-0001-04,1.00,5.0,9.0,5.0,17.0,21.0,12.0,69.0,3.72,0.37,0.76,0,0,4,5,367,232,79.1,1,2,1,2,1,2,2,2,2,1,50,87.7,13.5,28,0,28,2,1,1,2,1,2,1,1,1,2,1,1,2,2,2,2,2,2,1,32.3,5.4,5.4,2691,425,938,0,0,0,13.5,12.2,8.5,17.5,7.2,16.2,75.2,2.5,2.5,1.25,84,0,20,1.5,1.25,3.5,3.25,3.75,0,5.5,5.4,3.8,7.2,4.8,5.6,32.2,69.56,1.28,9.64,2.76,2.72,2.84,2.56,1.76,2.00,2.08,2.60,2.56,2.44,2.32,2.92,2.68
22-14-0001-05,1.00,5.0,8.0,9.0,14.0,16.0,6.0,58.0,5.39,0.34,0,0,4.05,4,5,300,200,83,1,1,1,2,2,2,2,2,2,8,60,85,30,28,0,25,10,1,1,6,1,1,1,1,1,4,1,2,2,2,2,2,2,1,1,0,0,0,2966,529,1790,0,0,0,,,,,,,,,,,,,,,,,,,,4.6,5.2,3.7,6.6,4.5,4.3,28.8,63.888888888889,1.2222222222222,30,2.19,2.41,2.74,2.44,1.81,1.85,2.00,2.26,2.30,2.00,2.48,2.37,1.96
22-14-0001-06,1.00,5.0,10.0,4.0,11.0,15.0,11.0,56.0,5.13,3.67,2.2,2.2,5.13,4,5,344,229,79,1,2,1,1,1,2,2,2,2,1,33,88,12.5,22,0,21,4.5,1,1,5,1,2,1,2,1,2,1,1,2,2,2,2,2,2,1,29.7,0,0,1364,562,400,0,0,0,9.5,5.0,5.8,15.5,8.5,20.0,64.2,5.5,4,1.75,70.75,0,35,2,1.75,2.5,3,3.25,0,5.5,5.5,4.9,7.9,5.2,5.5,34.3,64.076923076923,1.5,12.730769230769,2.73,2.73,2.73,2.73,2.35,2.54,2.73,2.54,2.62,2.50,2.65,2.81,2.69
22-14-0001-07,1.00,7.0,10.0,5.0,16.0,19.0,13.0,70.0,0,0,0,0,2.57,4,5,367,232,0,1,2,1,2,1,2,2,2,2,3,8,84.6,19.6,13,0,13,1,1,1,1,1,1,1,2,1,1,1,1,2,2,2,2,2,2,1,0,0,7.5,389,271,27,0,0,0,13.4,10.2,7.4,19.0,8.6,19.6,78.2,8.56,1.36,1,66.8,0,54,1,1,2,2,2.6,0,6.0,6.0,5.0,9.0,5.7,5.0,36.7,40.333333333333,1,1,3.00,3.00,3.00,3.00,2.00,3.00,3.00,3.00,3.00,2.67,3.00,3.00,2.00
22-14-0001-08,1.00,7.0,9.0,5.0,14.0,22.0,13.0,70.0,5.43,0,0,7.25,27.17,4,5,367,232,79.1,1,2,1,2,1,2,2,2,2,3,9,95,22.5,14,0,14,0,1,1,1,1,1,1,1,1,1,1,1,2,2,2,2,2,2,1,34.3,6.4,7.6,29,192,200,0,0,0,18.0,8.8,4.8,21.0,9.8,17.5,79.8,15.75,4,1,68.25,0,31.25,1,1,2.75,3.5,3.25,0,5.5,5.5,5.5,7.5,5.0,5.5,34.5,55,1,20.5,3.00,2.50,3.00,2.50,2.50,3.00,2.50,2.50,2.50,2.50,2.50,3.00,2.50
22-14-0001-09,1.00,5.0,9.0,12.0,16.0,20.0,13.0,75.0,3.1,6.2,4.14,6.2,3.1,4,5,367,232,79.1,1,2,1,1,2,2,2,2,1,2,20,82.1,19.6,13.5,0,13,2,1,1,1,1,1,1,1,1,4,1,1,1,2,2,2,2,2,1,38.6,8,7.6,18,558,405,0,0,0,20.0,16.3,13.3,24.0,8.3,19.3,101.3,16.666666666667,8.4333333333333,1,71.333333333333,0,58.333333333333,1.3333333333333,1,2.3333333333333,2,2,0,5.1,5.6,4.6,7.3,4.7,5.2,32.5,65.5,1.6111111111111,71.944444444444,2.56,2.50,2.89,2.67,2.28,2.33,2.39,2.50,2.44,2.33,2.39,2.72,2.50
22-14-0001-10,1.00,7.0,9.0,5.0,18.0,18.0,10.0,67.0,3.17,0,0,0,2.64,4,5,367,232,79.1,1,2,1,2,2,2,2,2,1,7,38,79.5,130.9,16,0,16,4.7,1,1,4,1,1,1,1,1,3,1,2,2,2,2,2,1,2,1,34.8,7.6,7.6,1894,98,1385,0,0,0,22.2,15.4,9.8,22.2,9.2,19.2,98.0,12,2.6,1.4,79.4,0,42,1,1,2.6,2.6,2.8,0,,,,,,,,,,
22-14-0006-01,0.83,5.0,9.0,11.0,18.0,17.0,11.0,71.0,0.69,0,1.39,0,0,4,2,372,,,,,,,,,,,,,,,,,,,,,,,,,,,,,,,,,,,,,,,,,,,,,,,18.0,11.2,10.8,23.4,8.2,21.6,93.2,6,4.4,1.6,10.8,0,52,1,1,1.4,2,2.4,0,5.7,5.7,3.1,8.0,4.5,5.6,32.6,17.97619047619,1.5714285714286,4.8809523809524,2.88,2.83,2.90,2.83,2.40,0.67,2.62,2.67,2.74,2.19,2.33,2.74,2.83
22-14-0006-02,1.00,6.0,10.0,12.0,24.0,13.0,12.0,77.0,0,0,0,0,0,4,5,372,301,93.3,2,2,1,2,1,1,2,2,2,1,28,0,0,0,0,0,0,0,0,0,0,0,0,0,0,0,0,0,0,0,0,0,0,0,0,0,0,0,0,0,0,0,0,0,19.2,16.0,9.4,20.8,7.6,21.4,94.4,20.2,6,2,37,0,75,1,1.4,1.8,1.4,1.8,0,5.6,5.7,1.2,8.3,4.7,5.4,30.8,33.441860465116,2,9.3488372093023,2.91,2.67,2.86,2.81,1.09,0.07,2.81,2.67,2.79,2.30,2.44,2.74,2.63
22-14-0006-03,1.00,5.0,11.0,10.0,19.0,17.0,10.0,72.0,2.06,0,0,0,2.06,,,,,,,,,,,,,,,,,,,,,,,,,,,,,,,,,,,,,,,,,,,,,,,,,,12.5,12.2,4.5,20.2,6.8,19.0,75.2,2.175,6.175,1.25,54.75,0,30,1,1,2.25,3.25,3,0,5.2,5.5,1.5,7.0,4.6,5.3,29.1,58.28,1.34,9.66,2.58,2.60,2.80,2.66,1.12,0.38,2.12,2.44,2.46,2.22,2.34,2.72,2.62
22-14-0006-04,1.00,4.0,6.0,11.0,14.0,16.0,10.0,61.0,,,,,,,,,,,,,,,,,,,,,,,,,,,,,,,,,,,,,,,,,,,,,,,,,,,,,,,22.3,16.0,11.3,24.3,10.0,21.7,105.7,7.6666666666667,6.3333333333333,1,71.333333333333,0,80,1,1.6666666666667,2.6666666666667,2.6666666666667,2.6666666666667,0,5.0,5.3,0.9,7.0,4.4,4.9,27.5,55.833333333333,1.6666666666667,10.875,2.48,2.48,2.81,2.52,0.71,0.19,2.27,2.35,2.38,2.27,2.15,2.58,2.35
22-14-0006-05,1.00,7.0,6.0,6.0,18.0,13.0,9.0,59.0,0,0,0.43,3.86,0.43,0,0,372,301,0,2,2,1,1,2,2,2,2,2,1,48,67.8,12.7,35,0,35,7,2,1,0,1,1,2,2,1,4,1,1,2,2,1,2,2,2,2,29,5,8,2587,0,0,0,0,0,14.0,7.6,4.0,14.6,8.4,21.2,69.8,7.6,5,1.2,53.4,0,61,1,1,2.8,3,3.4,0,5.1,5.1,1.8,7.3,5.0,4.8,29.0,63.04347826087,1.4130434782609,19.5,2.54,2.52,2.48,2.63,1.50,0.33,2.35,2.46,2.50,2.41,2.57,2.70,2.07
22-14-0006-06,1.00,6.0,5.0,6.0,17.0,15.0,12.0,61.0,,,,,,,,,,,,,,,,,,,,,,,,,,,,,,,,,,,,,,,,,,,,,,,,,,,,,,,16.8,9.8,3.6,17.8,9.2,19.8,77.0,5.6,2.8,1.6,73.6,0,68,1,1,2.2,3,2.4,0,4.9,5.4,1.0,6.6,4.2,4.8,26.9,58.725,1.2,12.45,2.48,2.40,2.88,2.58,0.78,0.23,1.95,2.33,2.35,2.13,2.05,2.55,2.28
22-14-0006-07,1.00,6.0,7.0,11.0,18.0,16.0,10.0,68.0,0.39,0,0.39,3.48,0,4,5,372,301,82.5,2,2,1,2,1,2,2,2,2,1,48,82.5,9.7,33,0,33,7,2,1,1,1,1,2,2,1,2,1,1,2,2,2,2,2,2,2,28,4,4,2587,0,0,0,0,0,15.6,13.8,11.6,22.4,8.6,20.6,92.6,3.8,3.8,1.6,66.6,0,25,1,1.2,3,3.2,3,0,5.5,5.5,1.2,7.5,4.8,5.3,29.7,63.52380952381,1.2142857142857,8.5714285714286,2.69,2.76,2.86,2.64,0.98,0.19,2.40,2.50,2.60,2.50,2.33,2.67,2.62
22-14-0006-08,0.83,5.0,8.0,13.0,22.0,16.0,12.0,76.0,0.62,0,1.25,1.25,1.25,4,5,372,301,93.3,2,2,1,2,1,1,2,2,2,1,33,78.9,7.3,27,0,27,4,2,1,6,1,1,2,2,1,2,1,1,2,2,2,2,2,2,2,31,6,8,1606,278,449,0,0,0,14.6,10.6,7.6,21.6,7.0,19.0,80.4,9.2,7.4,1.8,66.2,0,42,1,1,3.8,3.8,3.6,0,5.6,5.7,1.4,7.7,4.8,5.5,30.7,47.212765957447,1.9787234042553,8.9787234042553,2.85,2.77,2.91,2.79,1.19,0.23,2.51,2.51,2.66,2.28,2.53,2.85,2.66
22-16-0001-01,0.83,8.0,12.0,12.0,24.0,23.0,13.0,92.0,0.79,0,0.39,0,4.33,1,1,612,494,71.4,1,2,1,2,1,2,2,2,2,1,48,74.4,10.76,31,0,31,4,1,1,1,1,1,1,1,1,1,1,1,2,2,2,2,2,2,1,31.6,7.4,0,2538,455,1375,0,0,0,16.4,12.6,5.2,22.6,8.4,18.4,83.6,12.2,3.2,1.2,67.4,0,42,1,1,2.8,3,3,0,5.7,5.8,1.5,8.0,5.1,5.6,31.7,59.034482758621,1.551724137931,15.586206896552,2.83,2.83,2.97,2.83,1.38,0.10,2.66,2.69,2.69,2.48,2.62,2.83,2.76
22-16-0001-02,1.00,7.0,10.0,11.0,22.0,14.0,14.0,78.0,1.81,0,1.45,0,2.53,1,1,612,494,71.4,1,2,1,2,1,2,2,2,1,1,50,79.19,10.91,31,0,31,2,2,1,2,1,2,1,1,1,1,1,1,2,2,2,2,2,2,1,31,0,0,2765,309,1178,0,0,0,15.6,10.6,7.2,17.6,8.6,19.2,78.8,10,3,1.6666666666667,72.666666666667,0,36.666666666667,1,1,2.3333333333333,3,3.3333333333333,0,4.9,5.4,2.0,7.3,4.6,5.0,29.2,63.25,1.3928571428571,16.678571428571,2.50,2.43,2.82,2.57,1.36,0.68,2.46,2.29,2.54,2.18,2.39,2.61,2.36
22-16-0001-03,1.00,7.0,12.0,12.0,24.0,23.0,15.0,93.0,0,2.79,0,0,0.7,1,1,612,494,71.4,1,2,1,1,1,2,1,2,2,1,28,86.86,11,22,0,22,1,1,1,1,1,1,1,1,1,1,1,1,2,2,2,2,2,2,1,32.8,0,0,1436,371,875,0,0,0,17.0,12.8,12.0,20.2,9.8,19.8,91.6,10.8,2.8,1.8,24,0,56,1,1.2,2.6,3,3,0,5.6,5.4,3.8,7.9,4.8,5.3,32.7,9.7037037037037,1.2962962962963,9.2222222222222,2.81,2.78,2.81,2.59,2.67,1.15,2.63,2.56,2.70,2.33,2.44,2.74,2.52
22-16-0001-04,1.00,8.0,9.0,12.0,21.0,23.0,13.0,86.0,1.14,0,0.38,0.38,1.9,1,1,612,494,71.4,1,2,1,1,2,2,2,2,2,1,48,81.75,12,30,0,30,1,1,1,6,1,2,2,2,1,1,1,1,1,2,1,2,2,2,1,31.5,0,0,2626,404,1161,0,0,0,19.6,12.6,9.2,22.4,8.6,22.6,95.0,14,3.25,1.75,68.25,0,45,1,1,2.5,3.25,2.5,0,5.2,5.8,2.0,7.4,4.8,5.5,30.6,57.466666666667,1.2333333333333,13.166666666667,2.60,2.57,3.00,2.77,1.33,0.70,2.17,2.57,2.63,2.40,2.40,2.73,2.73
22-16-0001-05,1.00,7.0,10.0,12.0,17.0,22.0,13.0,81.0,1.78,0,0,1.07,0.71,1,1,612,494,71.4,1,2,1,1,2,2,2,2,2,1,48,93.51,10.45,33,0,33,2,1,1,6,1,1,1,2,1,1,1,1,1,2,2,2,2,2,1,31.87,0,0,2804,331,1413,0,0,0,19.5,16.0,8.2,23.2,11.2,23.2,101.5,18.5,6.25,1.75,64.75,0,36.25,1,1,2.25,2,2.5,0,5.5,5.6,2.6,7.9,5.0,5.6,32.1,61.777777777778,1.4444444444444,16.407407407407,2.85,2.63,2.89,2.70,1.85,0.70,2.52,2.67,2.70,2.26,2.70,2.78,2.85
22-16-0001-06,1.00,6.0,10.0,12.0,22.0,23.0,16.0,89.0,1.72,0,0,0,1.29,1,1,612,494,71.4,1,2,1,1,2,2,2,2,2,1,44,73.79,8.27,30,0,30,4,1,1,1,1,1,1,2,1,2,1,1,2,2,2,2,2,2,2,0,0,0,2332,216,1327,0,0,0,16.2,12.2,8.0,19.8,8.4,19.8,84.4,6.2,4.2,1.6,67.4,0,29.2,1,1,3,3.2,3.4,0,5.4,5.3,1.3,7.5,4.6,5.0,29.1,66.172413793103,1.551724137931,8.448275862069,2.79,2.62,2.66,2.66,1.00,0.31,2.62,2.52,2.34,2.31,2.31,2.55,2.41
22-16-0001-07,1.00,7.0,11.0,11.0,22.0,23.0,13.0,87.0,2.21,0.32,0.32,0.32,2.21,1,1,612,494,71.4,1,2,1,2,1,2,2,2,2,1,53,83.4,19.54,36,0,36,5,1,1,2,1,1,1,1,1,2,1,1,2,2,2,2,2,2,1,0,0,0,3164,1241,0,0,0,0,17.2,12.8,11.5,14.0,7.8,18.5,81.8,9.5,1.75,1.5,59.25,0,27.5,1,1,3.5,3.25,3.75,0,5.1,5.4,2.5,7.4,4.9,5.2,30.4,55.222222222222,1.5185185185185,12.666666666667,2.56,2.56,2.74,2.67,1.85,0.63,2.48,2.44,2.48,2.44,2.41,2.67,2.52
22-16-0001-08,1.00,5.0,10.0,13.0,22.0,18.0,14.0,82.0,0,0,0,0,3.69,1,1,612,494,71.4,1,1,1,2,1,1,2,2,2,1,35,0,7.26,26,0,27,4,1,1,1,1,1,1,2,1,1,1,1,1,2,2,2,2,2,1,34.2,0,0,1899,240,1030,0,0,0,18.5,14.0,10.2,21.0,10.0,21.5,95.2,11,4.5,2,48.25,0,48.75,1,1,2.75,2.75,2.75,0,5.5,5.5,1.6,8.1,4.9,5.5,31.1,39.344827586207,1.9655172413793,9.7931034482759,2.83,2.69,2.79,2.69,1.28,0.34,2.83,2.62,2.66,2.41,2.45,2.83,2.69
22-16-0001-09,1.00,6.0,11.0,13.0,20.0,19.0,13.0,82.0,1.56,0.52,0,0,2.59,1,1,612,494,71.4,1,2,1,2,1,2,2,2,2,1,35,62.58,11.9,25,0,26,3,1,1,8,1,1,2,2,1,1,1,1,2,2,2,2,2,2,1,31.73,0,7.65,1929,284,883,0,0,0,19.2,12.8,10.0,23.6,8.8,18.6,93.0,1879,4.6,1.2,70.4,0,26,1,1,1.6,2,2,0,5.1,5.5,3.0,7.5,4.8,5.3,31.2,64.833333333333,1.2333333333333,16,2.50,2.57,2.93,2.60,1.93,1.03,2.50,2.53,2.47,2.30,2.50,2.73,2.60
22-16-0001-10,1.00,7.0,10.0,11.0,21.0,19.0,14.0,82.0,0.38,0.38,0,0,1.54,1,1,612,494,71.4,1,2,1,2,1,2,2,2,2,1,48,74.8,9.86,29,0,29,4,1,1,5,1,2,1,1,1,1,1,1,2,2,2,2,2,2,1,29.4,0,0,2602,236,993,0,0,0,14.0,12.0,7.6,20.4,10.2,17.2,81.4,12.4,4.8,1.4,73.4,0,34,1,1,3,3.2,2.8,0,5.4,5.8,2.2,7.7,5.3,5.3,31.8,64.48275862069,1.2413793103448,15.275862068966,2.55,2.86,3.00,2.79,1.45,0.79,2.31,2.66,2.69,2.52,2.83,2.69,2.62
22-16-0001-12,1.00,7.0,10.0,13.0,26.0,23.0,15.0,94.0,0,0,0,6.59,0,1,1,612,494,71.4,1,2,1,1,2,2,1,2,2,3,12,85,17,28,0,28,1,1,1,2,1,2,2,1,1,1,1,2,2,2,2,2,2,2,1,34.5,0,0,607,607,0,0,0,0,18.8,16.4,12.4,18.4,10.2,18.8,95.0,11,4.6,1.6,0,3.6,66,1,1,3,3.2,2.8,0,6.0,5.7,5.8,8.4,5.4,5.6,36.9,20.1,1.8,12,3.00,3.00,2.80,2.90,3.00,2.80,2.90,2.60,2.90,2.70,2.70,3.00,2.60
22-16-0001-13,1.00,6.0,10.0,11.0,16.0,20.0,14.0,77.0,0,0,0,2.46,0,1,1,612,494,71.4,1,2,1,2,2,2,1,2,2,3,10,70,13,7,0,20,0,2,3,6,1,2,1,1,1,1,1,2,2,2,2,2,2,2,1,31,0,0,407,407,0,0,0,0,19.8,10.8,13.6,18.2,9.8,22.4,94.6,7.8,3,1.2,0.2,0,66,1,1,2.2,2.4,2.6,0,5.8,5.7,5.8,8.3,5.3,5.8,36.7,25.6,1.7,35,3.00,2.80,2.80,2.90,2.90,2.90,2.80,2.60,2.90,2.60,2.70,2.90,2.90
22-16-0001-14,0,,,,,,,,,,,,,,,,,,,,,,,,,,,,,,,,,,,,,,,,,,,,,,,,,,,,,,,,,,,,,,,,,,,,,,,,,,,,,,,,,4.0,5.0,0.0,6.0,4.0,5.0,24.0,45,2,11,3.00,1.00,3.00,2.00,0.00,0.00,2.00,2.00,2.00,2.00,2.00,2.00,3.00
22-16-0001-15,1.00,7.0,12.0,13.0,23.0,21.0,15.0,91.0,0,0,1.63,1.63,0,1,1,10,494,71.4,1,2,1,2,1,2,2,2,2,3,10,75,3.3,35,0,35,0,2,1,2,1,2,2,2,1,1,1,2,2,2,2,2,2,2,2,0,0,0,612,612,0,0,0,0,18.4,13.2,11.6,24.2,10.0,20.8,98.2,17,3.6,1.2,66.2,0,34,1,1,2.6,2.8,3,0,,,,,,,,,,
22-16-0001-16,1.00,7.0,12.0,13.0,23.0,21.0,15.0,91.0,2.61,0,0.52,0,1.57,1,1,612,494,71.4,1,2,1,2,2,2,2,1,2,6,43,74,38,21,0,20,2,1,1,2,1,1,1,1,1,1,1,1,1,2,1,1,2,2,2,37,0,0,1913,164,614,0,0,0,20.0,14.8,11.4,22.2,8.4,22.6,99.4,8.4,4.2,1.4,63.4,0,74,1,1,2.6,2.8,2.2,0,4.8,5.4,4.7,7.7,5.1,5.1,32.8,30.433333333333,1.5,24.2,2.50,2.27,2.80,2.60,2.60,2.10,2.60,2.57,2.53,2.47,2.63,2.63,2.47
22-16-0001-17,1.00,5.0,11.0,8.0,21.0,22.0,15.0,82.0,0,0,111.11,0,0,1,1,612,494,71.4,1,2,1,1,2,2,2,2,2,3,6,72,5.1,21,0,21,0,2,1,1,1,1,1,1,1,1,1,2,2,2,2,2,2,2,1,31,10.2,0,243,243,0,0,0,0,20.8,14.4,12.8,23.2,10.6,21.4,103.2,11.5,3.5,1.5,75.5,0,56.25,1,1,2.25,2.5,2.5,0,5.3,5.3,3.8,8.1,5.1,4.9,32.5,63.566666666667,1.3,16.6,2.73,2.60,2.67,2.60,2.23,1.60,2.90,2.47,2.70,2.43,2.67,2.63,2.30
22-27-0006-03,1.00,6.0,10.0,14.0,26.0,22.0,13.0,91.0,1.79,0,0.45,0,2.24,3,5,88,43,93.7,1,1,1,2,1,2,2,2,2,8,45,89.3,11.2,17.85,1.36,17,6.68,1,1,4,1,1,1,1,1,2,1,2,2,2,2,2,2,1,1,33,5,6,2233,64,1842,0,0,0,19.8,12.8,10.4,22.4,8.6,20.8,94.8,10,2.8,1.8,82.4,0,53,1,1,2,2.6,3,0,5.5,5.5,2.6,7.5,4.7,5.2,31.0,59.941176470588,1.5294117647059,14.754901960784,2.82,2.67,2.88,2.63,1.71,0.92,2.43,2.57,2.45,2.35,2.39,2.65,2.55
22-27-0006-04,1.00,6.0,9.0,13.0,26.0,22.0,13.0,89.0,0.79,0.79,0,0,1.97,3,5,88,43,91.6,1,1,1,2,1,2,2,2,2,1,43,94.1,7,22.95,0,22,4.95,1,1,2,1,1,1,1,1,2,1,1,2,2,2,2,2,2,1,34,3,6,2534,525,1137,0,0,0,13.8,7.4,3.4,15.6,4.2,17.0,61.4,7.8,2.6,1.6,69.2,0,47,1,1,3,3.4,3.4,0,5.3,5.7,3.2,7.7,5.1,5.2,32.2,53.866666666667,1.3333333333333,9.2666666666667,2.77,2.57,2.93,2.80,1.80,1.37,2.60,2.60,2.50,2.57,2.53,2.63,2.53
22-27-0010-01,1.00,4.0,9.0,9.0,14.0,15.0,5.0,56.0,5.93,1.87,0,0,3.43,3,2,119,60,77.7,1,1,2,1,2,2,2,2,2,8,60,77.7,45.8,21.8,0,19,8.9,1,1,4,2,1,1,1,1,4,1,2,2,1,2,2,2,1,1,38.9,6.1,6.1,3203,357,2665,0,0,0,18.6,13.8,8.8,17.6,9.4,19.2,87.4,18.4,6.6,1.6,69.2,0,67,1,1,3.8,3.6,3.6,0,4.7,5.0,3.8,7.5,4.8,5.2,31.1,73.818181818182,1.5454545454545,33.363636363636,2.50,2.23,2.73,2.32,2.09,1.73,2.55,2.50,2.41,2.50,2.32,2.73,2.50
22-27-0010-05,1.00,4.0,9.0,9.0,14.0,15.0,5.0,56.0,7.34,0,0,0,1.76,3,2,119,59,89.6,1,1,3,2,2,2,2,2,2,7,59,89.6,57.3,24.2,3,20,9.5,1,1,4,2,1,1,1,1,3,1,2,2,1,2,2,1,2,1,38.9,6.1,6.1,3406,507,2820,0,0,0,16.0,11.5,12.8,22.2,11.2,20.0,93.8,13.75,9.5,1.75,77.5,0,33.75,1,1.25,2.75,2.5,3,0,4.6,5.1,3.3,6.7,4.5,4.5,28.6,76.384615384615,1.6923076923077,34.884615384615,2.35,2.23,2.62,2.50,2.08,1.23,2.42,2.04,2.19,2.12,2.35,2.38,2.12
22-27-0012-01,1.00,4.0,10.0,12.0,18.0,15.0,12.0,71.0,1.36,0.68,0,0.68,2.71,1,2,565,565,66.6,1,2,1,2,1,1,2,2,2,1,42,52,7,17,0,17,4,1,1,1,1,1,1,2,1,2,1,1,2,2,1,2,2,2,1,28,5.6,0,1474,191,706,0,0,0,16.2,12.8,6.8,20.0,8.0,18.5,82.2,5,4.25,2,65.5,0,57.5,1,1,2.25,3,3,0,5.1,5.5,1.1,7.3,4.4,5.2,28.6,52.25,1.9166666666667,6.1875,2.67,2.46,2.79,2.75,0.90,0.17,2.17,2.56,2.56,2.27,2.17,2.73,2.46
22-27-0012-02,1.00,5.0,12.0,10.0,21.0,16.0,12.0,76.0,0.99,0.5,0,0.5,4.46,1,1,565,540,69.9,1,1,1,1,2,2,2,2,2,1,45,74.8,11.7,25,0,25,5,1,1,1,1,1,2,1,1,2,1,1,2,2,2,2,2,2,1,30,5.3,0,2016,1698,500,0,0,0,17.0,11.3,7.0,20.0,8.7,15.7,79.7,10.333333333333,1.6666666666667,2,69.666666666667,0,60,1,1,1.6666666666667,2,2.6666666666667,0,4.8,5.4,2.9,7.5,5.1,4.5,30.2,65.115384615385,1.1923076923077,10.730769230769,2.50,2.35,2.81,2.58,1.85,1.04,2.38,2.50,2.58,2.38,2.69,2.50,2.04
22-27-0012-03,1.00,,,,,,,,,,,,,,,,,,,,,,,,,,,,,,,,,,,,,,,,,,,,,,,,,,,,,,,,,,,,,,15.6,9.6,6.4,23.0,9.6,18.4,82.6,8.8,5.2,1.4,61,0,38,1,1,4,3.8,4,0,5.1,5.7,3.3,7.7,5.3,4.5,31.7,55.565217391304,1.2608695652174,13.04347826087,2.57,2.57,2.83,2.83,2.09,1.26,2.48,2.57,2.70,2.65,2.65,2.43,2.09
22-27-0012-04,1.00,3.0,6.0,11.0,19.0,12.0,10.0,61.0,3.52,0,1.01,0.5,0,2,2,525,525,66.6,1,2,1,2,1,2,2,2,2,1,45,72.6,9.3,23,0,23,5,1,1,2,1,1,1,2,1,2,1,1,2,2,2,2,2,2,1,28.6,7.1,0,1388,230,582,0,0,0,14.2,13.0,6.6,19.6,8.4,18.0,79.8,8.4,3,1.2,79,0,35,1,1,2,2.6,2.6,0,4.7,5.5,1.4,7.1,4.8,4.9,28.5,57.4,1.4333333333333,9.3333333333333,2.40,2.30,2.83,2.70,0.93,0.50,2.13,2.47,2.50,2.30,2.53,2.67,2.23
22-27-0012-05,1.00,5.0,10.0,9.0,18.0,19.0,13.0,74.0,0,0,0.49,0,3.43,2,2,565,565,66.6,1,2,1,2,1,2,2,2,2,1,45,77.4,16,25,0,25,5,1,1,2,1,1,1,1,1,2,1,1,2,2,2,2,2,2,1,29,8.4,0,2041,597,1042,0,0,0,18.2,16.0,6.2,20.8,9.2,19.0,89.4,10,2.354,1.8,78.6,0,58,1,1,1.6,2,1.8,0,5.5,5.8,1.1,7.8,4.8,5.4,30.4,55.285714285714,1.5714285714286,16.514285714286,2.80,2.66,2.97,2.83,0.91,0.17,2.60,2.63,2.57,2.40,2.43,2.83,2.57
22-28-0016-01,1.00,5.0,9.0,11.0,13.0,16.0,10.0,64.0,0.42,0.42,0,0,2.49,4,2,642,612,78.6,1,2,1,2,2,1,2,2,2,1,45,78.6,6.4,33,0,33,0.875,1,2,4,1,1,2,2,1,2,1,1,2,2,2,2,2,2,1,0,0,0,2405,377,949,0,0,0,15.0,10.5,11.0,19.0,7.5,17.5,80.5,3.5,2.75,2,54.75,0,41.25,1,1,3.25,3.5,3.25,0,5.5,5.6,3.0,7.7,4.6,5.5,32.0,45.675675675676,1.8918918918919,6.5135135135135,2.84,2.68,2.84,2.73,1.70,1.30,2.54,2.57,2.62,2.22,2.43,2.73,2.81
22-28-0016-02,1.00,8.0,10.0,10.0,21.0,21.0,11.0,81.0,3.76,0.42,0.84,0,0.42,1,2,642,600,77.2,1,1,1,1,1,2,2,2,2,1,52,77.1,12,36,0,37,2,1,2,6,1,1,1,1,1,1,1,1,2,2,2,2,2,2,1,0,0,0,2391,618,712,0,0,0,20.5,16.8,13.2,22.8,10.0,21.8,105.0,8,4,1.25,66.75,0,37.5,1,1,2,2,2.5,0,4.8,5.3,3.0,6.2,4.5,5.2,29.0,55.615384615385,1.5769230769231,14.269230769231,2.50,2.31,2.73,2.54,1.50,1.46,1.65,2.23,2.31,2.15,2.38,2.65,2.58
22-28-0016-03,1.00,7.0,10.0,9.0,20.0,20.0,10.0,76.0,1.99,0,0.66,0,0.33,5,1,642,622,80,1,1,1,2,1,2,2,2,2,1,54,88,18.6,31,0,0,3,1,2,3,1,1,1,2,1,1,1,1,2,2,2,2,2,2,1,28,0,0,3009,1202,1305,0,0,0,19.6,14.0,11.8,23.8,8.8,21.0,99.0,7.8,4,1.4,85.4,0,34,1,1,1.8,1.8,2.4,0,5.8,5.5,3.6,7.6,5.0,5.4,33.0,58,1.4516129032258,16.354838709677,2.84,2.94,2.84,2.68,1.97,1.68,2.61,2.45,2.58,2.39,2.58,2.77,2.65
22-28-0016-04,1.00,4.0,5.0,10.0,13.0,12.0,12.0,56.0,1.23,0.41,0,0,0.82,2,5,642,612,80,1,2,1,1,2,2,2,2,2,1,52,80,9,28,0,28,2,2,2,6,1,1,2,2,1,1,1,1,2,2,2,2,2,2,1,0,0,0,0,416,1016,0,0,0,18.8,14.2,9.0,24.2,10.6,22.2,99.0,5.8,4,1.6,81.2,0,40,1,1,2.2,2.2,2.4,0,4.5,5.3,4.2,7.8,4.8,5.0,31.6,46.588235294118,1.2352941176471,14.117647058824,2.24,2.24,2.76,2.53,2.18,2.06,2.76,2.65,2.35,2.47,2.35,2.59,2.41
22-28-0016-05,1.00,5.0,9.0,12.0,14.0,22.0,13.0,75.0,3.12,0,0.69,0,1.39,1,2,642,52,80,1,2,1,1,2,2,2,2,2,1,53,82,7.8,35,0,34,1,1,2,4,1,1,1,0,1,1,1,1,2,2,2,2,2,2,1,28,0,0,2886,473,1146,0,0,0,20.4,14.4,13.6,22.0,8.6,21.0,100.0,6.6,3.4,1,69.6,0,25,1,1,3,3,3.2,0,5.1,5.2,2.2,7.4,4.4,5.2,29.5,59.655172413793,1.2068965517241,6.4827586206897,2.45,2.66,2.72,2.48,1.48,0.69,2.38,2.41,2.59,2.00,2.45,2.83,2.34
22-28-0016-06,1.00,6.0,11.0,11.0,22.0,19.0,14.0,83.0,1.81,0.6,0.6,0,0.6,5,1,642,612,78,1,2,1,2,1,2,2,2,2,1,53,42,6.9,33,0,33,1,1,2,2,1,1,1,2,1,1,1,1,2,2,1,2,2,2,2,33,0,0,1662,341,279,0,0,0,15.5,11.2,9.8,19.5,10.0,19.8,85.8,3.75,3.75,1.25,67.75,0,41.25,1,1,2.75,3.5,3,0,5.3,5.6,1.6,7.7,4.7,5.1,30.0,68.322580645161,1.3548387096774,6.8064516129032,2.61,2.68,2.94,2.68,0.97,0.65,2.35,2.61,2.77,2.29,2.42,2.58,2.48
22-28-0016-07,1.00,8.0,11.0,13.0,26.0,23.0,11.0,92.0,44.44,0,44.44,0,22.22,1,1,642,642,80,1,1,1,2,1,2,2,2,2,1,51,888,10,45,0,40,3,1,2,1,1,2,1,1,1,1,1,1,1,2,2,2,2,2,1,28,8,0,2528,849,547,0,0,0,19.5,16.2,14.5,24.8,10.0,22.8,107.8,8.5,7.5,1.5,57.5,0,50,1,1,2,2,2,0,5.1,5.6,2.3,7.5,5.1,5.1,30.7,52.964285714286,1.3928571428571,8.6785714285714,2.50,2.57,2.86,2.79,1.54,0.79,2.29,2.64,2.57,2.50,2.61,2.68,2.39
22-28-0016-08,1.00,5.0,6.0,10.0,18.0,18.0,8.0,65.0,3.23,0,0,0,3.23,1,1,642,612,87,1,0,1,2,1,2,2,2,2,1,52,84,10.3,32,0,32,1.5,1,2,2,1,2,2,2,1,1,1,1,2,2,2,2,2,2,2,25,5,0,2478,928,858,0,0,0,18.0,12.0,10.8,20.0,9.0,20.0,89.8,5.75,4.75,1,72.25,0,55,1,1,3.25,3,3.5,0,4.9,5.2,1.9,7.0,4.4,4.7,28.0,51.37037037037,1.3333333333333,7.7777777777778,2.63,2.26,2.74,2.48,1.15,0.70,2.33,2.41,2.26,2.07,2.30,2.52,2.19
22-28-0016-10,1.00,7.0,9.0,4.0,18.0,18.0,11.0,67.0,1.58,0,2.36,1.18,1.58,1,2,654,612,85.3,1,2,1,1,2,2,1,2,2,1,46,85.3,13.3,29.43,0,32,4.5,1,2,6,1,1,2,2,1,1,1,1,2,2,2,2,2,2,1,25.6,0,0,2537,974,1129,24929940,0,0,18.0,14.2,7.6,21.6,9.6,20.4,91.4,9.6,5.2,1.4,74.2,0,32,1,1,3.2,3.4,3.6,0,4.6,4.9,2.3,6.8,4.9,4.5,28.2,64.894736842105,1.1052631578947,7.1578947368421,2.42,2.21,2.26,2.68,1.47,0.84,2.21,2.00,2.58,2.42,2.53,2.63,1.89
22-28-0016-11,1.00,5.0,8.0,12.0,20.0,18.0,13.0,76.0,1.72,0,1.03,0.48,0,2,2,51,642,84,1,2,1,1,1,2,2,2,2,1,51,84,11,30,0,30,1,1,2,6,1,1,1,1,1,1,1,1,2,2,2,2,2,2,1,0,0,0,2096,694,1055,0,0,0,17.4,11.6,9.4,17.8,9.4,19.0,84.6,9.6,4.8,1.6,59.2,0,28.4,1,1,3.2,2.8,3.2,0,5.0,5.7,3.2,7.6,4.8,5.2,31.4,62,1.2142857142857,10.678571428571,2.43,2.57,2.89,2.82,1.86,1.32,2.46,2.61,2.50,2.39,2.36,2.54,2.68
22-28-0016-12,1.00,5.0,6.0,10.0,17.0,12.0,8.0,58.0,1.69,0.68,2.03,0.68,1.69,1,2,642,642,80,1,1,1,2,1,2,2,2,2,1,53,85,18,31,0,31,1,1,2,2,1,1,1,1,1,1,1,1,2,2,2,2,2,2,1,0,0,0,2950,917,1569,0,0,0,16.6,11.8,5.6,19.4,6.6,21.2,81.2,1877.4,3,1.6,74.2,0,32,1,1,2.6,3.2,2.6,0,5.2,5.5,1.5,7.2,4.8,4.8,29.2,46.538461538462,1.3461538461538,11.5,2.58,2.65,2.81,2.73,1.15,0.38,2.54,2.38,2.31,2.46,2.38,2.54,2.27
22-28-0016-13,1.00,6.0,6.0,11.0,15.0,16.0,14.0,68.0,0.78,0,0,0.78,1.95,2,2,642,612,78,1,1,1,2,1,2,2,2,2,1,50,86.5,16.5,35,0,35,2,1,2,2,1,1,1,1,1,1,1,1,2,2,2,2,2,2,1,29,2,5,2570,292,1042,2000000,190000,90000,17.0,15.0,11.8,22.0,9.2,21.0,96.0,11.25,8.5,1.25,57,0,42.5,1,1,2.25,2,2,0,5.0,5.6,2.7,7.4,4.9,4.9,30.3,50,1.2068965517241,15.413793103448,2.48,2.48,2.76,2.79,1.38,1.31,2.59,2.38,2.41,2.38,2.52,2.45,2.41
22-28-0016-15,1.00,5.0,7.0,9.0,20.0,19.0,14.0,74.0,0,0,12.3,0,0,2,1,642,612,70,1,1,1,2,1,2,2,2,2,3,10,85,3,61,0,0,1,1,2,3,1,1,1,2,1,1,1,1,1,2,2,2,2,2,1,0,0,0,488,488,0,0,0,0,21.0,11.6,5.8,22.8,9.2,22.6,93.0,14,6.4,1.2,63.6,0,36,1,1,3,3.2,2.8,0,,,,,,,,,,
22-28-0016-16,1.00,5.0,6.0,6.0,14.0,15.0,14.0,60.0,0,0,7.46,1.87,5.6,1,1,642,612,78.2,1,2,1,1,1,2,2,2,2,3,8,88.2,11.6,40,0,39,0,2,2,4,1,1,1,2,1,1,1,1,2,2,2,2,2,2,1,0,0,0,536,445,0,0,0,0,16.6,13.4,11.6,23.0,10.2,21.6,96.4,7.8,7.6,1,77,0,57,1,1,2,2.6,2,0,,,,,,,,,,
22-28-0016-17,1.00,8.0,10.0,12.0,22.0,19.0,14.0,85.0,0,1.37,2.74,0,5.48,1,1,642,12,77.2,1,1,1,2,1,2,2,2,2,3,12,71.7,17.7,33,0,33,1,1,2,6,1,1,1,2,1,1,1,2,2,2,2,2,2,2,1,27.97,5.76,5.76,730,730,0,0,0,0,16.8,10.8,6.2,22.6,9.6,20.6,86.6,15,4.8,1.2,68.6,0,34,1,1,1.8,2.4,2.4,0,,,,,,,,,,
22-28-0020-01,1.00,5.0,10.0,13.0,22.0,15.0,14.0,79.0,0,0,0.91,0.91,1.81,2,1,560,446,75.6,1,1,1,1,2,2,2,2,2,1,46,69.6,6.29,31.8,0,30,3,1,3,8,1,1,1,2,1,1,1,1,2,2,2,2,2,2,1,30.2,8.6,0,2204,250,1296,0,0,0,19.2,15.2,11.2,25.6,10.4,21.6,103.2,5.8,4.2,1.6,64,0,39,1,1,3,3.2,3.4,0,5.3,5.6,2.5,7.1,4.8,5.0,30.2,55.735294117647,1.1764705882353,12.029411764706,2.82,2.50,2.79,2.76,1.65,0.82,2.06,2.47,2.56,2.35,2.41,2.53,2.50
22-28-0020-02,1.00,6.0,12.0,12.0,23.0,17.0,13.0,83.0,0.85,0,0,0,1.2,2,1,560,560,75.6,1,1,1,2,2,1,2,2,2,1,50,0,7.9,32.11,0,32,3,1,3,8,1,1,1,2,1,1,1,1,2,2,2,2,2,2,1,31.8,0,0,2508,470,847,3400000,2270000,1080000,16.2,14.0,6.5,18.8,8.0,17.5,81.0,11.125,7.875,1.5,51.5,0,22.5,1,1,2.75,2.5,3.5,0,5.3,5.6,1.4,7.7,4.7,5.4,30.2,41.606060606061,1.9393939393939,9.2727272727273,2.82,2.48,2.82,2.76,1.30,0.12,2.58,2.52,2.64,2.21,2.52,2.73,2.67
22-28-0020-03,1.00,6.0,9.0,12.0,24.0,18.0,13.0,82.0,1.58,0,0,0,0,2,5,560,456,0,1,1,1,2,1,2,2,2,1,1,50,76.7,13.22,30.86,0,32,3,2,3,8,1,1,1,2,1,1,1,1,2,2,1,2,2,2,1,31.2,9.4,0,2527,366,1144,0,0,0,17.0,15.5,13.0,27.0,11.5,22.0,106.0,4,4,2,80,0,20,1,1.5,4,3.5,3.5,0,5.0,5.7,2.6,7.9,5.1,4.8,31.0,63.6,1.3666666666667,13.866666666667,2.57,2.47,2.83,2.83,1.93,0.63,2.67,2.50,2.70,2.43,2.63,2.60,2.23
22-28-0020-04,1.00,5.0,11.0,10.0,23.0,18.0,13.0,80.0,2.53,0.36,0.36,1.45,2.53,2,2,0,0,0,1,1,1,0,2,2,2,2,2,1,50,7585,10,28445,0,30,624,1,3,8,1,1,1,2,1,1,1,1,2,2,2,2,2,2,1,0,0,0,2764,204,1552,0,0,0,20.0,16.3,8.7,22.3,10.0,20.7,98.0,10.333333333333,2.6666666666667,1.3333333333333,69.333333333333,0,36.666666666667,1,1,2.6666666666667,3,2,0,5.4,5.6,2.8,7.6,5.2,5.0,31.7,57.295454545455,1.3181818181818,14.795454545455,2.73,2.70,2.89,2.73,1.98,0.80,2.57,2.57,2.50,2.55,2.61,2.84,2.20
22-28-0020-05,1.00,7.0,12.0,12.0,25.0,18.0,12.0,86.0,0.38,0.76,0,0.76,0.76,2,2,560,442,75.69,1,2,1,1,1,2,2,2,2,1,50,81.27,7.975,32.645,0,33,5.46,1,1,8,1,1,1,2,1,1,1,1,2,2,2,2,2,2,1,30.1,8.5,0,2638,248,712,0,0,0,20.8,14.4,12.8,23.8,10.0,20.2,102.0,16.5,11.75,0.75,75,0,35,1,1,2,2,2.25,0,5.8,5.7,2.5,7.7,5.3,5.5,32.5,65.714285714286,1.1714285714286,8.2857142857143,2.89,2.89,2.94,2.71,1.74,0.77,2.51,2.57,2.57,2.66,2.69,2.89,2.66
22-28-0020-06,1.00,4.0,12.0,12.0,21.0,15.0,13.0,77.0,1.62,0.54,0,0.54,0,2,1,560,456,75.6,1,1,1,1,2,2,2,2,2,1,50,87.7,17.7,0,0,0,5.825,2,3,8,1,1,1,2,1,1,1,1,2,2,1,2,2,2,1,30.7,9.19,0,1857,315,554,0,0,0,17.0,16.0,15.0,23.0,6.0,19.0,96.0,2,2,1,50,0,90,1,1,2,2,2,0,5.3,5.7,2.2,7.7,5.2,5.2,31.3,63.6875,1.3125,18.28125,2.59,2.72,2.91,2.78,1.88,0.34,2.41,2.59,2.69,2.47,2.78,2.69,2.50
22-28-0020-07,1.00,5.0,8.0,10.0,18.0,15.0,10.0,66.0,1.2,0,0,0.8,0,2,5,560,448,75.69,1,1,1,2,1,2,2,2,2,1,50,74.21,8.03,34.2,0,34,7.01,1,3,8,1,1,1,2,1,1,1,1,2,2,2,2,2,2,1,34,9.2,9.91,2503,559,1077,0,0,0,18.8,15.6,10.0,22.0,9.0,20.6,96.0,9.4,3.2,1.6,64,0,644,1,1.2,3.4,3.2,3.4,0,5.3,5.7,2.3,6.9,4.6,5.6,30.5,46.142857142857,1.469387755102,5.4591836734694,2.78,2.55,2.92,2.80,1.84,0.51,1.82,2.55,2.53,2.22,2.41,2.76,2.86
22-28-0020-08,1.00,8.0,12.0,13.0,26.0,24.0,14.0,97.0,1.77,0,0,1.41,0,2,2,560,560,75.09,1,1,1,2,1,2,2,2,2,1,50,77.64,9.2,29,0,30,11,2,3,8,1,1,1,1,1,1,1,1,2,2,2,2,2,2,1,28,0,0,2831,249,1552,0,0,0,18.8,12.6,7.6,20.2,9.0,21.2,89.4,8.8,3.2,1.6,57.2,0,21,1,1,2.6,2.6,2.8,0,5.8,5.5,3.0,8.2,5.4,5.5,33.3,55.5,1.4375,14.875,2.81,2.94,2.72,2.81,2.00,0.97,2.75,2.63,2.78,2.63,2.78,2.84,2.66
22-28-0020-09,1.00,8.0,12.0,11.0,22.0,19.0,13.0,85.0,1.28,0,0,3.2,1.28,2,2,560,452,78,1,1,1,1,2,2,2,2,2,1,50,78,9,31.6,0,32,5.01,2,3,2,1,1,1,1,1,2,1,1,1,2,2,2,2,2,1,26,8,10,1562,331,583,0,0,0,20.0,16.8,13.4,24.6,10.2,21.4,106.4,13,5,1.4,66,0,74,1.4,1,2.4,2.2,2.4,0,4.9,5.4,2.9,7.0,4.7,5.1,30.0,67.117647058824,1.2058823529412,14.529411764706,2.59,2.29,2.68,2.71,2.03,0.85,2.21,2.35,2.47,2.12,2.62,2.71,2.35
22-28-0020-10,1.00,6.0,10.0,14.0,22.0,22.0,15.0,89.0,0.41,0.82,0,0,2.88,2,1,560,456,88,1,1,1,1,2,2,1,2,2,1,46,80,5,38,0,39,2,2,3,8,1,1,1,1,1,1,1,1,1,2,1,2,2,2,1,32,8,0,2433,1216,973,0,0,0,18.0,13.5,12.5,17.5,7.0,19.0,87.5,5.5,1,1.5,5,0,22.5,1,1,4,3.5,3,0,5.7,5.8,4.2,8.6,5.1,5.6,35.0,10.541666666667,1.375,7.0833333333333,2.83,2.88,2.92,2.83,2.63,1.63,2.88,2.92,2.83,2.54,2.58,2.88,2.71
22-28-0020-11,1.00,6.0,12.0,7.0,14.0,17.0,16.0,72.0,0,0,3.1,0,1.03,2,2,560,452,849,1,1,1,2,2,2,1,2,2,3,18,97,42,3792,0,42,1,2,3,8,1,1,1,2,1,1,1,2,2,2,2,2,2,2,1,318,98,0,968,912,0,0,0,0,17.2,13.8,13.8,22.5,11.0,22.0,100.2,11.5,4.25,1,0.25,0,47.5,1,1,3.75,3.25,3.5,0,,,,,,,,,,
22-28-0020-12,1.00,6.0,10.0,9.0,21.0,20.0,14.0,80.0,0,0,0,0,0,2,2,560,502,76,1,1,1,2,2,2,1,2,2,9,24,83,3,30,0,33,1,2,3,2,1,1,1,2,1,1,1,2,2,2,2,2,2,2,1,30,9,0,1494,1494,0,0,0,0,16.4,10.0,12.4,10.4,7.6,17.6,74.4,3.6,2.6,1.6,0.2,3.6,26,1,1,2,2.8,2.6,0,,,,,,,,,,
22-28-0021-01,1.00,5.0,9.0,12.0,22.0,16.0,9.0,73.0,2.1,0,1.05,0,2.8,2,2,310,300,79.3,1,2,1,1,2,2,2,2,2,1,50,77.8,13.6,32,0,32,6,2,1,1,1,2,1,2,1,2,1,1,2,2,2,2,2,2,1,29.3,5,0,2856,837,1279,0,0,0,19.2,13.4,9.2,18.4,8.8,19.0,88.0,8.94,2.94,1,74,0,39,1,1,2.2,2,2.6,0,4.8,5.1,2.1,6.7,4.3,5.1,28.0,57.516129032258,1.1290322580645,14.032258064516,2.48,2.32,2.65,2.42,1.48,0.58,2.10,2.23,2.39,1.90,2.39,2.65,2.45
22-28-0021-02,1.00,5.0,7.0,4.0,14.0,16.0,12.0,58.0,4.41,0.37,0.37,1.1,2.57,2,2,282,274,72.17,1,2,1,1,2,2,2,2,2,1,50,77.2,12.3,31,0,32,4.55,1,1,1,1,2,1,2,1,2,1,1,2,2,2,2,2,2,1,0,0,0,2719,774,837,0,0,0,20.6,13.8,10.2,23.0,10.0,22.0,99.6,9,3.4,1.4,73,0,69,1,1,2,2.8,2.8,0,5.0,5.5,2.1,6.8,4.6,4.7,28.7,64.486486486486,1.3783783783784,8.7567567567568,2.62,2.41,2.84,2.62,1.59,0.51,2.00,2.41,2.35,2.14,2.49,2.38,2.32
22-28-0021-03,1.00,6.0,10.0,13.0,22.0,21.0,15.0,87.0,0,0,2.05,0,24.64,2,2,270,250,75,1,2,1,1,1,2,2,2,2,3,8,79.8,0,32,0,32,1,2,1,9,1,2,1,1,1,2,1,1,2,2,1,2,2,2,2,0,0,0,487,391,5,0,0,0,18.2,12.0,11.0,25.0,9.0,20.4,95.6,7.7,5.1,1.4,69.6,0,57,1,1,2.8,3,2.6,0,5.0,5.3,2.4,7.2,4.8,4.7,29.4,63.882352941176,1.2352941176471,12.058823529412,2.53,2.47,2.65,2.65,1.82,0.59,2.29,2.29,2.59,2.35,2.47,2.59,2.12
22-28-0021-04,1.00,5.0,8.0,8.0,14.0,13.0,12.0,60.0,0.67,0,1.33,1.33,1.33,2,1,281,249,84.2,1,1,1,2,1,2,2,2,2,1,50,79.6,17.5,32,0,32,0,1,1,1,1,1,1,1,1,2,1,1,2,2,2,2,2,2,1,30.4,0,0,2997,937,1332,0,0,0,20.8,14.8,8.6,25.8,10.2,21.8,102.0,7.25,5,1.5,80,0,52.5,1,1,2.25,2.25,2.75,0,5.1,5.4,1.8,7.2,4.5,5.1,29.1,58.346153846154,1.3461538461538,12.615384615385,2.69,2.42,2.69,2.69,1.19,0.58,2.62,2.46,2.15,2.15,2.31,2.65,2.46
22-28-0021-07,1.00,8.0,7.0,10.0,24.0,19.0,11.0,79.0,6.3,0,2.22,0.74,1.85,2,2,282,274,80.7,1,2,1,2,1,2,2,2,2,1,50,76.9,12.9,29.7,0,31,6.4,1,1,1,1,2,2,2,1,2,1,1,2,2,2,2,2,2,1,0,0,0,2700,1154,937,0,0,0,20.0,11.5,7.8,22.5,10.5,21.8,94.0,12,3.5,2,832.75,0,47.5,1,1,2.5,2.75,2.75,0,5.5,5.8,2.2,7.9,5.1,5.2,31.8,67.04,1.6,6.54,2.80,2.72,2.92,2.88,1.64,0.56,2.76,2.40,2.76,2.52,2.56,2.72,2.52
22-28-0021-11,1.00,5.0,6.0,3.0,15.0,17.0,12.0,58.0,1.77,2.12,1.06,1.06,1.77,2,2,284,250,72.17,1,2,1,2,1,2,2,2,2,1,50,83.5,16,33,0,33,4.65,2,1,1,1,2,1,1,1,2,1,1,2,2,2,2,2,2,2,0,0,0,2828,695,928,0,0,0,20.4,14.0,10.0,21.4,8.8,20.6,95.2,6,2.6,1.6,63.8,0,57,1,1,2.8,2.2,3,0,5.3,5.4,1.2,6.8,4.5,5.2,28.5,59.236842105263,1.6052631578947,12.789473684211,2.58,2.71,2.87,2.58,0.95,0.29,2.13,2.29,2.37,2.05,2.45,2.55,2.66
22-41-0001-06,1.00,6.0,8.0,11.0,18.0,14.0,15.0,72.0,0,0,0,0.62,0.62,1,1,604,534,70.35,1,1,1,2,1,2,2,2,2,1,37,70.1,16,24,0,24,2,1,1,3,1,1,1,2,1,2,1,1,2,2,1,2,2,2,1,36.5,11.1,10.2,1621,1277,207,0,0,0,17.4,14.4,8.0,18.4,10.0,15.4,83.6,6.6,3.3,1.8,63.2,0,48,1,1,2.8,3.2,2.4,0,5.9,6.0,3.0,8.4,5.5,5.4,34.1,68.724137931034,1.6896551724138,18.413793103448,3.00,2.90,3.00,2.97,2.10,0.90,2.93,2.83,2.66,2.83,2.66,2.86,2.52
22-41-0001-09,1.00,6.0,8.0,11.0,20.0,22.0,15.0,82.0,0,1.15,0,0,2.86,1,1,604,534,70.35,1,1,1,2,1,2,2,2,2,1,38,74,7.1,25,0,25,2,1,1,3,1,1,2,2,1,1,1,1,2,2,2,2,2,2,1,34.6,9.4,10.2,1746,602,811,0,0,0,16.6,12.8,11.8,22.0,8.6,18.6,90.4,9.4,4.4,1,62.4,0,57,1,1,2.8,3,2,0,5.5,5.6,3.7,7.7,5.3,5.2,33.0,66.6,1.3714285714286,13.142857142857,2.74,2.74,2.86,2.77,2.26,1.43,2.37,2.57,2.74,2.46,2.86,2.69,2.51
22-41-0001-10,1.00,8.0,12.0,12.0,22.0,24.0,15.0,93.0,0.96,0,0.48,0.48,3.38,1,1,604,534,70.35,1,1,1,1,2,2,2,2,2,1,45,59.4,8.8,26,0,25,2,1,1,3,1,1,2,2,1,1,1,1,2,2,2,2,2,2,1,32.4,8.3,10.2,2074,1010,838,0,0,0,19.8,14.8,10.8,19.4,8.6,17.4,90.8,8.4,3.8,1.6,64.4,0,50,1,1,2.2,2.8,2.8,0,5.3,5.3,3.1,7.7,4.8,5.1,31.2,58.578947368421,1.2105263157895,12.631578947368,2.71,2.55,2.63,2.66,2.11,0.95,2.68,2.42,2.55,2.26,2.55,2.68,2.42
22-41-0001-11,1.00,4.0,8.0,10.0,16.0,10.0,12.0,60.0,0.54,0,1.62,0.54,0.54,1,1,604,534,70.35,1,1,1,2,1,2,2,0,2,1,41,73,10.9,24,0,24,1,1,1,3,1,1,2,2,1,1,1,1,2,2,2,2,2,2,1,34.2,8.6,10.2,1848,549,680,0,0,0,19.4,15.6,11.4,24.4,8.6,19.4,98.8,6.7,2.62,1.2,53,0,58,1,1,2.2,2.8,2.8,0,5.2,5.4,1.5,7.9,5.0,5.4,30.4,56.160714285714,1.3035714285714,17.857142857143,2.61,2.59,2.82,2.61,0.95,0.57,2.61,2.66,2.63,2.41,2.55,2.80,2.63
22-41-0001-12,1.00,5.0,6.0,4.0,19.0,15.0,11.0,60.0,2.1,0,0,0,0.7,1,1,604,534,70.35,1,1,1,1,2,2,2,2,2,1,34,75.4,11.7,22,0,22,2,1,1,3,1,1,1,1,1,2,1,1,2,2,2,2,2,2,1,34.5,9,10.2,1430,498,626,0,0,0,20.0,16.0,8.2,22.4,6.8,22.2,95.6,6.6,2.7,1,72.8,0,56,1,1,2,2,2,0,5.3,5.3,4.0,7.7,5.2,4.9,32.5,58.142857142857,1.1714285714286,17.457142857143,2.66,2.60,2.60,2.69,2.17,1.86,2.57,2.49,2.66,2.54,2.69,2.69,2.26
22-41-0001-13,1.00,7.0,8.0,10.0,20.0,19.0,16.0,80.0,0,0.87,0,0.87,1.74,1,1,604,534,70.35,1,1,1,2,2,2,1,2,2,1,31,52.4,6.3,23,0,23,1,1,1,3,1,1,2,1,1,2,1,1,2,2,2,2,2,2,1,33,8.1,10.2,1147,1039,108,0,0,0,19.6,14.8,12.8,20.2,9.6,19.6,96.6,6.2,5.8,1.6,10.6,0,43,1,1.8,2.4,2.2,2.8,0,5.4,5.7,4.1,7.9,4.7,5.3,33.0,17.42,1.6,12.64,2.76,2.60,2.88,2.84,2.52,1.56,2.68,2.62,2.62,2.30,2.38,2.70,2.56
22-41-0001-14,1.00,6.0,9.0,13.0,23.0,24.0,16.0,91.0,1.85,0,0,0,0,1,1,604,534,70.35,1,1,1,1,1,2,2,2,2,1,34,70.8,13.3,24,0,24,2,1,1,3,1,1,2,2,1,2,1,1,2,2,2,2,2,2,1,36.7,9.5,10.2,1620,858,596,0,0,0,20.0,15.4,12.8,22.0,8.4,19.8,98.4,11.6,2.4,1.2,68,0,64,1,1,2.4,2.4,2.6,0,4.8,5.4,3.4,7.4,4.5,5.3,30.7,63.607142857143,1.3928571428571,16.75,2.46,2.32,2.75,2.64,1.93,1.50,2.50,2.43,2.43,2.18,2.29,2.71,2.57
22-45-0001-01,1.00,6.0,8.0,14.0,23.0,15.0,12.0,78.0,0,0,0,0,1.5,2,1,491,404,71.9,1,2,1,2,1,1,2,2,2,1,30,86.3,5.6,30,0,26,3,1,1,2,1,1,1,2,1,2,1,1,2,2,2,2,2,2,1,35,13.3,13.3,1333,283,177,0,0,0,19.8,16.8,12.4,24.2,10.0,21.6,104.8,20.8,8.8,2,37.2,0,58,1,1,2.6,3,3.2,0,5.6,5.7,3.5,8.3,5.0,5.7,33.7,34.115384615385,2,8.3461538461538,2.85,2.73,2.81,2.92,2.50,1.00,2.77,2.88,2.62,2.50,2.46,2.81,2.85
22-45-0001-02,1.00,7.0,11.0,12.0,19.0,17.0,13.0,79.0,0.77,0.38,0.38,1.15,7.31,2,2,491,404,71.9,1,2,1,2,1,1,2,2,2,1,46,87.7,11.4,11,0,25,4,1,1,8,1,1,1,2,1,2,1,1,2,2,2,2,2,2,1,37,10.5,0,2600,245,985,0,0,0,18.8,14.6,11.0,21.4,10.0,22.0,97.8,20.4,3,2,59.4,0,54,1,1,2.8,3.2,3,0,5.3,5.9,3.8,8.1,5.1,5.4,33.6,53,1.6896551724138,11.413793103448,2.79,2.48,3.00,2.86,2.45,1.34,2.72,2.62,2.79,2.41,2.72,2.76,2.62
22-45-0001-03,1.00,7.0,10.0,12.0,21.0,18.0,14.0,82.0,2.96,1.18,0,0,1.77,2,2,491,404,71.9,1,2,1,2,1,2,2,2,2,1,42,72.4,15.24,25,0,25,3,1,1,8,1,1,1,2,1,2,1,1,2,2,2,2,2,2,1,0,0,13.3,1691,684,452,0,0,0,21.2,15.5,12.5,25.0,11.0,22.2,107.5,23,3,1.75,72.75,0,56.25,1,1,3,3,3,0,5.5,5.6,3.0,7.5,4.8,5.5,31.9,66.466666666667,1.3,18.166666666667,2.67,2.80,2.80,2.77,1.77,1.23,2.40,2.47,2.67,2.23,2.60,2.77,2.77
22-45-0001-04,1.00,7.0,10.0,12.0,23.0,19.0,9.0,80.0,3.15,0.53,0,0,4.2,2,1,491,404,71.9,1,1,1,1,1,2,2,2,2,1,45,66.2,19.3,27,0,24,3,1,1,8,1,1,2,2,1,2,1,1,2,2,2,2,2,2,1,36.8,13,13.3,1903,1053,595,0,0,0,17.2,15.0,10.8,18.8,8.8,20.8,91.4,23.8,5.8,2,53.8,0,52,1,1,3.2,3.6,3.4,0,4.4,5.5,2.3,7.4,5.2,4.6,29.5,66.4,1.5666666666667,17.166666666667,2.23,2.20,2.73,2.80,1.73,0.57,2.50,2.50,2.40,2.53,2.70,2.57,2.03
22-45-0001-05,1.00,5.0,8.0,9.0,18.0,13.0,11.0,64.0,1.99,0,0,0,4.47,2,1,491,404,71.9,1,1,1,2,1,2,2,2,2,1,42,92.72,15.28,25,0,25,3,1,1,1,1,1,2,2,1,2,1,1,2,2,2,2,2,2,2,35,11,13.3,2015,317,576,0,0,0,19.2,10.8,9.2,20.0,9.2,20.8,89.2,10,2.6,1.6,66.2,0,39,1,1,2.8,2.6,2.8,0,5.6,5.5,1.5,7.8,5.4,5.6,31.3,49.125,1.4375,20.21875,2.78,2.81,2.69,2.81,1.28,0.19,2.44,2.69,2.66,2.53,2.84,2.81,2.75
22-45-0001-06,1.00,6.0,10.0,13.0,23.0,21.0,13.0,86.0,1.69,0.42,0.42,0,0.42,2,1,491,404,71.9,1,1,1,2,1,2,2,2,2,1,44,85.7,24.6,26,0,25,4,1,1,1,1,1,2,2,1,1,1,1,2,2,2,2,2,2,1,0,0,0,2362,688,1316,0,0,0,18.2,13.2,6.6,23.0,9.6,21.6,92.2,19.4,3.6,1.2,72.6,0,69,1,1,2.6,2,2.6,0,5.3,5.8,2.2,7.9,5.0,5.2,31.5,68.481481481481,1.5925925925926,26.444444444444,2.78,2.48,2.96,2.85,1.52,0.70,2.70,2.67,2.56,2.56,2.48,2.81,2.41
22-45-0001-07,1.00,3.0,6.0,11.0,10.0,11.0,9.0,50.0,0.46,0,1.37,0.46,7.29,2,1,491,404,71.9,1,2,1,2,1,2,2,2,2,1,45,76.64,11.7,26,0,24,3,2,1,8,1,1,2,2,1,2,1,1,2,2,1,1,2,2,1,0,0,13.3,2195,0,0,0,0,0,20.4,14.8,13.0,22.8,8.8,20.6,100.4,16.6,3,2,49.8,0,38,1,1,1.8,2,1.8,0,5.5,5.6,2.3,7.8,5.1,5.4,31.8,63.107142857143,1.5357142857143,11.035714285714,2.79,2.68,2.86,2.79,1.68,0.61,2.68,2.57,2.57,2.61,2.54,2.75,2.64
22-45-0001-08,1.00,7.0,9.0,12.0,21.0,20.0,14.0,83.0,2.46,0.49,0,0.99,4.43,2,1,491,404,71.9,1,1,1,1,2,2,2,2,2,1,39,88.7,16.6,29,0,28,4,1,1,8,1,1,1,1,1,1,1,1,2,2,1,1,2,2,1,36,4,13.3,2030,313,1020,0,0,0,17.0,10.4,8.6,22.6,8.4,20.6,87.6,18.5,1.9,1.6,59.4,0,64,1,1,1.8,2.2,2.4,0,5.5,5.7,2.4,8.0,5.2,5.0,31.8,61.4,1.4333333333333,17.6,2.87,2.63,2.87,2.80,1.73,0.67,2.63,2.67,2.67,2.57,2.67,2.63,2.40
22-45-0001-10,1.00,5.0,8.0,7.0,19.0,17.0,11.0,67.0,0,1.14,0,0,2.29,2,2,491,404,71.9,1,2,1,2,2,2,1,2,2,1,32,46.99,5.18,27,1,25,3,1,1,8,1,1,2,2,1,2,1,1,2,2,1,2,2,2,1,39,15.7,13.3,875,156,677,0,0,0,18.6,12.2,8.8,21.2,10.8,21.0,92.6,18.6,5.6,1.6,14.8,0,33,1,1.4,2,2.4,2.8,0,5.6,5.5,2.6,8.4,4.6,5.6,32.3,10.9,1.5333333333333,4.8333333333333,2.77,2.80,2.70,2.83,2.20,0.40,2.77,2.80,2.80,2.13,2.47,2.73,2.90
22-45-0001-11,1.00,5.0,6.0,12.0,21.0,19.0,13.0,76.0,1.89,1.89,1.89,1.26,0.63,2,1,491,404,71.9,1,1,1,2,2,2,2,1,2,6,35,47.1,34.1,26,0,26,2,1,1,2,1,1,2,1,1,2,1,1,2,2,1,1,2,2,1,42,0,13.3,1584,246,949,0,0,0,22.2,16.4,14.0,25.6,11.6,21.4,111.2,24,5.8,2,47.6,0,72,1,1,2,1.4,1.8,0,4.9,5.4,4.2,7.9,4.9,5.3,32.6,49.6,1.4666666666667,49.2,2.40,2.47,2.73,2.67,2.27,1.93,2.60,2.67,2.60,2.47,2.47,2.87,2.47
22-45-0003-02,1.00,6.0,10.0,9.0,19.0,17.0,13.0,74.0,0.89,0.13,0,0,3.55,1,1,632,596,69.1,1,2,1,2,1,2,2,2,2,1,48,85.2,14.2,30.75,0,21,4,1,1,8,1,1,2,2,1,2,1,1,2,2,2,2,2,2,2,34.8,11.6,0,2252,442,1539,0,0,0,15.6,10.2,7.4,21.8,6.8,19.6,81.4,7.2,2.8,1.4,77.2,0,36,1,1.2,2.6,2,2.4,0,5.4,5.3,2.7,7.8,4.9,5.3,31.4,56.466666666667,1.5,14.8,2.73,2.67,2.63,2.70,1.87,0.80,2.70,2.50,2.60,2.37,2.57,2.80,2.47
22-45-0003-03,0.75,7.0,11.0,13.0,23.0,21.0,12.0,87.0,2.09,0,0,0,2.09,1,1,632,596,69.1,1,1,1,2,2,2,2,1,2,6,36,48.2,53.8,14,0,14,2.46,1,1,8,1,1,2,2,1,2,1,2,2,2,2,1,2,2,2,41.6,0,0,958,27,620,0,0,0,18.0,13.0,10.7,21.3,9.3,21.7,94.0,8.3333333333333,3.3333333333333,1.3333333333333,60,0,60,1,1,3.3333333333333,4,3.3333333333333,0,4.6,5.7,3.7,8.2,5.3,5.4,32.9,45.2,1.6666666666667,40.666666666667,2.47,2.13,2.80,2.87,2.33,1.33,2.67,2.80,2.73,2.67,2.67,2.87,2.53
22-45-0003-04,1.00,5.0,11.0,9.0,15.0,17.0,10.0,67.0,1.73,0.43,0.43,0.43,0.43,1,1,632,596,69.1,1,2,1,2,1,2,2,2,2,1,48,70.9,13.5,29,0,29,2,1,1,8,1,1,2,2,1,1,1,1,2,2,2,2,2,2,2,32.2,0,0,2308,531,869,0,0,0,16.5,12.8,6.8,19.0,8.2,19.0,82.2,8.5,2.5,1.5,66.75,0,33.75,1.75,1.25,2.75,3,2.5,0,5.6,5.5,2.8,8.0,5.3,5.2,32.3,65.724137931034,1.4827586206897,12.48275862069,2.86,2.69,2.86,2.66,1.83,1.00,2.69,2.55,2.72,2.52,2.79,2.66,2.52
22-45-0003-05,1.00,8.0,10.0,10.0,24.0,21.0,14.0,87.0,0.44,0.44,0,1.76,1.32,1,1,596,596,69.1,1,2,1,1,1,2,2,2,2,1,48,79.2,11.2,29,0,25,2,1,1,8,1,1,2,2,1,1,1,1,2,2,2,2,2,2,1,35.3,8.2,0,2269,160,1309,0,0,0,20.2,12.8,5.4,19.4,9.4,19.6,86.8,7.5,4,1.25,55.75,0,43.75,1.75,1,2.5,2.5,2.25,0,5.1,5.3,2.0,7.6,5.1,5.3,30.3,54.962962962963,1.2222222222222,11.518518518519,2.74,2.41,2.70,2.59,1.22,0.78,2.63,2.44,2.48,2.56,2.52,2.81,2.44
22-45-0003-06,1.00,4.0,8.0,10.0,19.0,20.0,8.0,69.0,0,1.75,0,0,2.62,1,1,632,596,69.1,1,1,1,1,2,2,1,2,2,1,35,64.2,10,25,0,25,3,1,1,8,1,1,1,1,1,2,1,1,2,2,1,2,2,2,1,31.7,0,0,1145,424,439,0,0,0,19.4,14.6,10.4,21.2,8.4,21.2,95.2,9.4,6.3,1.2,12.4,0,62,1,1,2.4,2.8,2.8,0,5.7,5.8,3.5,8.7,5.4,5.9,34.9,13.428571428571,1.4285714285714,7.2857142857143,2.95,2.71,3.00,2.81,2.29,1.19,2.90,2.90,2.86,2.57,2.81,2.90,2.95
22-45-0003-07,1.00,6.0,11.0,12.0,21.0,21.0,14.0,85.0,0.55,0,0,0,1.64,1,1,632,596,69.1,1,2,1,2,2,1,2,2,2,1,39,73.9,8.3,23,0,23,5.75,1,1,8,1,1,2,2,1,1,1,1,2,2,2,2,2,2,1,32.2,8.9,0,1830,169,490,0,0,0,19.8,10.4,10.8,21.4,9.4,20.2,92.0,10.8,1.64,2,52.8,0,41,1.6,1,2.4,2.4,2.6,0,5.3,5.5,2.7,7.5,4.7,5.4,31.0,45.8,1.92,7.8,2.56,2.72,2.76,2.72,1.88,0.80,2.36,2.44,2.68,2.20,2.48,2.80,2.64
22-45-0003-08,1.00,6.0,10.0,10.0,21.0,20.0,15.0,82.0,0,0,0.89,0,0.89,1,1,632,596,69.1,1,1,1,2,2,1,1,2,2,3,24,85.2,45.4,45,0,45,3,1,1,8,1,1,1,1,1,1,1,2,2,2,1,2,2,2,1,33,10,0,57,42,15,0,0,0,12.4,7.6,13.2,15.4,8.8,19.6,77.0,10,3.4,1.6,6,0,33,1,1,2.6,2.8,2.6,0,5.5,5.9,4.9,8.0,5.1,5.4,34.8,30,1.9259259259259,21.037037037037,2.89,2.59,2.93,2.96,2.74,2.15,2.78,2.44,2.78,2.44,2.63,2.85,2.59
22-45-0003-09,1.00,5.0,10.0,12.0,19.0,18.0,13.0,77.0,1.23,0,0.82,0,1.64,1,1,596,596,69.1,1,2,1,1,2,2,2,2,2,1,52,65.4,19,27,0,27,4,1,1,8,1,1,2,2,1,2,1,1,1,2,1,2,2,2,1,0,0,0,2439,300,1374,0,0,0,19.0,10.4,11.4,24.2,9.6,21.8,96.4,19.2,6.9,1.6,51,0,41,1.6,1,2.6,2.8,2.8,0,5.3,5.4,2.5,7.5,4.8,5.6,31.1,50.214285714286,1.5357142857143,12.75,2.79,2.54,2.54,2.82,1.68,0.86,2.64,2.39,2.46,2.18,2.57,2.82,2.79
22-45-0003-10,1.00,6.0,9.0,13.0,21.0,18.0,13.0,80.0,0.42,0.41,0,0,1.23,1,1,596,596,69.1,1,1,1,1,2,2,2,2,2,1,48,76.6,12.2,28,0,28,5,1,1,8,1,1,1,1,1,1,1,1,2,2,2,2,2,2,1,0,0,0,2444,382,1111,0,0,0,20.2,11.8,12.8,24.0,8.2,21.0,98.0,7.25,3.75,1.5,61.75,0,36.25,1.75,1,3.25,3.5,3.5,0,5.2,5.3,2.4,7.6,4.5,4.9,29.9,52.4,1.2,8.92,2.68,2.48,2.76,2.56,1.68,0.68,2.40,2.60,2.64,2.24,2.28,2.44,2.48
22-45-0003-11,1.00,5.0,10.0,10.0,20.0,17.0,13.0,75.0,0.43,0,0.86,0,0.43,1,1,596,596,69.1,1,1,1,2,1,2,2,2,2,1,50,76,10.1,28,0,20,5,1,1,8,1,1,2,2,1,2,1,1,2,2,2,2,2,2,1,38.7,0,0,2316,479,777,0,0,0,20.0,14.4,13.4,21.6,8.8,20.6,98.8,19.6,5.1,1.8,56.6,0,38,1,1,2.8,3,3,0,5.0,5.2,2.3,7.8,4.6,4.8,29.6,43.620689655172,1.3103448275862,5.1034482758621,2.55,2.45,2.62,2.55,1.66,0.69,2.72,2.28,2.76,2.28,2.28,2.62,2.14
22-45-0003-12,1.00,7.0,8.0,12.0,19.0,21.0,13.0,80.0,1.63,0,0.41,0.41,0.41,1,1,596,596,69.1,1,2,1,1,2,2,2,2,2,1,50,76.5,13.6,30,0,29,5,1,1,8,1,1,2,2,1,1,1,1,2,2,2,2,2,2,1,36.3,0,0,2455,769,743,0,0,0,15.6,9.0,4.8,11.0,8.6,15.2,64.2,13.2,5.4,1.6,67.6,0,34,1.4,1.2,3,3.2,3.2,0,5.6,5.8,2.0,7.5,4.9,5.3,31.0,60.25,1.3928571428571,19,2.89,2.75,2.89,2.86,1.32,0.64,2.14,2.61,2.71,2.39,2.46,2.82,2.50
22-45-0003-13,1.00,3.0,8.0,12.0,22.0,18.0,11.0,74.0,1.99,1.99,0.5,0.5,1.99,1,1,596,596,78.79,1,2,1,2,1,2,2,2,2,1,45,69.9,11.9,24,0,24,4,1,1,8,1,1,1,1,1,1,1,1,2,2,2,2,2,2,1,0,0,0,2009,322,322,0,0,0,17.2,12.0,7.8,18.6,8.8,21.0,85.4,19.6,3.5,1.2,67,0,29,1.2,1,2.6,3,3.4,0,5.4,6.0,2.2,8.2,5.4,5.6,32.7,61.954545454545,1.2272727272727,6.0454545454545,2.73,2.68,3.00,2.95,1.45,0.73,2.68,2.77,2.73,2.64,2.73,2.86,2.73
22-45-0003-14,1.00,6.0,12.0,12.0,24.0,21.0,14.0,89.0,1.69,0.56,0,0,0,1,1,632,596,69.1,1,2,1,2,1,2,2,2,2,1,45,69.4,16.8,25,0,25,3.54,1,1,8,1,1,2,2,1,1,1,1,2,2,2,2,2,2,1,33.7,11,0,1779,287,737,0,0,0,20.6,15.8,9.0,23.0,9.6,22.8,100.8,11.2,4.2,1.2,57,0,50,1,1,2,2,2.2,0,5.4,5.3,2.6,7.7,5.0,5.5,31.5,48.1,1.3333333333333,12.5,2.80,2.60,2.70,2.63,1.67,0.93,2.63,2.40,2.70,2.30,2.67,2.77,2.73
22-45-0003-16,1.00,8.0,12.0,13.0,23.0,24.0,16.0,96.0,0,0,4.41,0,1.47,1,1,632,596,69.1,1,1,1,2,1,2,2,2,2,3,16,54.3,30.5,45,0,45,2,1,1,8,1,1,1,1,1,1,1,2,2,2,2,2,2,2,1,0,0,0,680,680,0,0,0,0,21.6,13.0,13.0,23.2,9.8,21.4,102.0,16,4,2,56,0,45,1,1,2.2,2.6,2.8,0,5.5,5.8,4.9,8.9,5.8,5.8,36.8,67.733333333333,1.5333333333333,6.7,2.77,2.73,2.90,2.93,2.83,2.07,3.00,2.97,2.97,2.90,2.93,3.00,2.83
22-45-0003-17,1.00,8.0,10.0,9.0,20.0,19.0,15.0,81.0,0,0,1.12,0,2.24,1,1,632,596,69.1,1,2,1,2,2,2,2,2,2,3,20,77.2,10.3,45,0,41,3,1,1,8,1,1,2,2,1,1,1,1,2,2,2,1,2,2,1,36.5,12.1,0,894,727,120,0,0,0,18.8,12.8,10.8,22.8,9.0,19.0,93.0,17,4,1.6666666666667,58.666666666667,0,51.666666666667,1,1,2.6666666666667,3,2.6666666666667,0,5.5,5.8,3.2,8.5,5.5,5.2,33.6,54.823529411765,1.4117647058824,4.8235294117647,2.82,2.65,2.94,2.82,2.35,0.88,2.76,2.82,2.88,2.76,2.71,2.76,2.47
22-45-0004-01,1.00,6.0,8.0,9.0,20.0,14.0,10.0,67.0,1.58,0,0,0,3.16,3,5,196,75,59.4,1,2,2,1,1,2,2,2,2,1,28,52.3,11.4,16,6,22,4,1,1,2,2,2,2,2,1,2,1,1,2,2,2,2,2,2,1,0,0,0,632,164,225,0,0,0,17.4,11.6,10.0,18.4,9.0,17.8,84.2,15,10,1.8,78.8,0,57,1,1,2.2,2.8,3.2,0,5.2,5.8,2.3,7.8,4.9,5.2,31.2,54.083333333333,1.4166666666667,7,2.75,2.50,2.83,2.92,2.08,0.25,2.25,2.92,2.58,2.42,2.50,2.75,2.42
22-45-0004-02,1.00,7.0,12.0,9.0,23.0,19.0,12.0,82.0,2.18,0,0,0,0.44,4,2,196,96,67,1,1,2,1,1,2,2,2,2,1,46,67,11,28,3,28,6,1,1,6,1,1,1,1,1,2,1,1,2,2,2,2,2,2,2,0,0,0,2298,545,583,0,0,0,20.0,12.2,11.2,20.4,8.8,22.2,94.8,15.6,7.4,1.2,60.2,0,75,1,1.4,2.4,2.4,2.8,0,5.0,5.4,1.9,7.8,4.9,5.3,30.3,60.4,1.1333333333333,11,2.37,2.67,2.67,2.77,1.67,0.20,2.63,2.53,2.63,2.47,2.40,2.73,2.57
22-45-0004-03,0.75,6.0,9.0,9.0,22.0,16.0,11.0,73.0,1.61,0.4,1.21,0,0,3,5,198,52,0,1,2,2,2,2,2,2,2,2,8,52,76.8,25.1,25.8,1.8,25.8,7,1,1,1,2,2,1,2,1,3,1,2,2,2,2,2,2,2,1,0,0,0,2477,629,1384,0,0,0,17.3,7.7,9.7,16.3,9.0,21.3,81.3,20.333333333333,6.1666666666667,1,63.666666666667,0,61.666666666667,1,1,2.3333333333333,2.6666666666667,3.3333333333333,0,5.1,5.4,2.6,7.6,4.7,5.0,30.4,66.357142857143,1.25,16.964285714286,2.54,2.61,2.75,2.61,1.86,0.79,2.46,2.57,2.54,2.25,2.43,2.68,2.32
22-45-0004-04,0.83,8.0,10.0,11.0,22.0,17.0,9.0,77.0,1.65,0,0.55,0,0,3,1,196,99,75,1,0,2,1,1,2,2,2,2,4,45,63,27.9,13,6,18,6,1,1,2,1,2,1,2,1,4,1,2,2,1,2,2,2,1,1,46,13.8,14,1814,844,646,0,0,0,14.4,7.6,4.0,18.8,8.6,18.4,71.8,16.2,2.6,2,78.2,0,81,1.4,1,3,3.4,3.2,0,5.3,5.4,2.1,7.8,4.9,5.2,30.7,47.413793103448,1.2413793103448,20.827586206897,2.66,2.66,2.83,2.55,1.62,0.52,2.72,2.66,2.38,2.38,2.55,2.72,2.45
22-47-0002-01,1.00,6.0,10.0,11.0,15.0,21.0,12.0,75.0,1.32,0,0,0,1.98,1,1,560,73.7,73.7,1,2,1,2,2,1,2,2,2,1,31,80.9,6.8,22,0,22,3,2,1,8,1,1,1,1,1,1,1,1,2,2,2,2,2,2,1,35.2,8.5,9.6,1514,232,565,25210609,19505950165,985234,20.0,12.0,9.2,21.4,9.4,20.8,92.8,12,2.7,2,44.8,0,70,1,1,2,1.8,2.4,0,5.2,5.7,1.2,7.7,4.6,5.4,29.6,45.333333333333,1.9487179487179,6.1794871794872,2.67,2.54,2.92,2.74,1.00,0.15,2.46,2.67,2.54,2.33,2.23,2.72,2.64
22-47-0002-02,1.00,3.0,9.0,11.0,18.0,16.0,14.0,71.0,2.02,2.02,2.02,1.01,1.01,1,1,600,550,73.7,1,1,1,1,2,2,1,2,2,1,38,58.3,10.3,30,0,30,2,2,1,8,1,1,2,2,1,2,1,1,2,2,2,2,2,2,1,30.5,6.6,0,992,349,491,0,0,0,19.6,13.2,10.0,24.2,8.6,19.0,94.6,11,3.8,1.6,5,0,46,1,1.4,3.2,3.6,3.8,0,5.5,5.7,3.5,8.0,4.9,5.4,32.9,10.459459459459,1.5675675675676,17.554054054054,2.81,2.68,2.78,2.89,2.59,0.89,2.65,2.59,2.78,2.27,2.62,2.92,2.43
22-47-0002-03,1.00,6.0,8.0,12.0,18.0,16.0,12.0,72.0,0.89,0.89,0.45,0,1.34,1,1,600,48,73.7,1,1,1,2,1,2,2,2,2,1,48,72.2,18.2,31,0,31,5,2,1,8,1,1,1,1,1,1,1,1,2,2,2,2,2,2,1,28.8,0,0,2241,598,1343,0,0,0,16.0,12.0,9.0,19.0,7.0,12.0,75.0,5,1,1,70,0,30,1,1,2,2,2,0,4.5,5.3,2.7,7.4,4.8,4.7,29.4,58.034482758621,1.1034482758621,14.793103448276,2.17,2.31,2.62,2.69,1.72,0.97,2.52,2.45,2.41,2.21,2.62,2.48,2.24
22-47-0002-04,1.00,6.0,9.0,9.0,15.0,19.0,12.0,70.0,5.76,0,0,0,0.41,1,1,600,560,73.5,1,1,1,2,1,2,2,2,2,1,48,76.3,8.9,34,0,33.08,2,1,1,8,1,1,1,1,1,1,1,1,2,2,2,2,2,2,1,32,8.3,9.6,2432,370,864,2521060,1950595,98523,21.0,15.0,14.6,24.0,10.4,22.2,107.2,10.2,3.4,1.4,53.8,0,72,1,1,2.4,2.2,2.2,0,4.9,5.6,3.1,7.0,4.8,5.4,30.9,53.766666666667,1.3666666666667,16.333333333333,2.33,2.60,2.80,2.80,1.97,1.17,2.07,2.43,2.53,2.40,2.43,2.80,2.57
22-47-0002-05,1.00,7.0,10.0,9.0,21.0,20.0,12.0,79.0,0.93,0.46,0,0,0.46,1,1,600,550,73.7,1,2,1,1,2,2,2,2,2,1,48,73.8,14.4,32,0,33,5,1,1,8,1,1,1,2,1,2,1,1,2,2,2,2,2,2,1,30.9,7.28,0,2160,500,709,0,0,0,21.8,16.0,11.4,24.8,9.4,21.4,104.8,12.6,7.2,1.6,59.4,0,56,1,1,2.2,1.8,2.4,0,5.3,5.6,1.8,7.5,4.9,5.1,30.2,52.51724137931,1.4137931034483,13.120689655172,2.69,2.59,2.90,2.72,1.21,0.55,2.31,2.59,2.62,2.41,2.52,2.62,2.48
22-47-0002-06,1.00,8.0,9.0,5.0,15.0,21.0,15.0,73.0,0,0,2.56,0,0,1,1,600,560,74,1,1,1,2,2,2,2,2,2,3,8,67,6,33,0,33,2,1,1,8,1,1,1,2,1,1,1,2,2,2,2,2,2,2,2,33,9.7,9.6,71,71,0,25210609666,19505950165,985234428,18.8,14.0,13.2,25.0,11.2,22.2,104.4,10,4.58,1.4,69.8,0,57,1,1,2.8,2.8,2.8,0,4.8,5.1,3.4,7.7,4.4,4.9,30.3,56.5,1.0384615384615,3.7884615384615,2.35,2.46,2.58,2.50,2.12,1.31,2.62,2.46,2.65,2.15,2.27,2.65,2.23
22-47-0002-07,1.00,7.0,11.0,7.0,22.0,21.0,14.0,82.0,0,0,0,2.27,0,1,1,600,466,73.7,1,1,1,2,2,1,1,2,2,3,32,70.2,9.4,44,0,44,3,2,1,8,1,1,1,2,1,2,1,2,2,2,2,2,2,2,1,34.1,9.6,0,441,441,0,0,0,0,19.8,13.2,13.2,24.4,10.8,23.4,104.8,14.25,6.25,1.75,6.75,0,50,1,1,2.25,2.5,2.5,0,6.0,5.5,3.8,7.5,3.8,5.2,31.8,28.75,1.5,15.25,3.00,3.00,2.75,2.75,2.50,1.25,2.25,2.50,2.75,1.75,2.00,2.50,2.75
22-47-0002-08,1.00,5.0,11.0,10.0,22.0,22.0,14.0,84.0,0,0,0,0,0,1,1,600,0,737,1,1,1,2,2,1,2,2,2,1,32,702,94,21,0,21,2,2,1,8,1,2,1,2,1,2,1,1,2,2,2,2,2,2,1,332,93,0,1100,354,483,0,0,0,21.2,17.0,13.8,24.8,11.2,23.0,111.0,13.4,12.6,2,36.2,0,68,1,1,1.4,1.8,1.8,0,5.7,5.9,2.2,8.2,4.7,5.6,32.3,31.533333333333,1.8666666666667,11,2.83,2.83,2.93,2.97,1.73,0.47,2.90,2.67,2.67,2.27,2.43,2.80,2.77
22-47-0002-09,1.00,8.0,11.0,10.0,23.0,21.0,15.0,88.0,0,0,0,1.26,5.03,1,1,560,73.57,81.2,1,1,1,1,2,2,2,2,1,1,20,81.2,9.8,32.85,0,34,2.31,2,1,8,1,1,1,1,1,4,1,1,2,2,2,2,2,2,1,42.5,15,9.6,796,63,157,25210609,19505950,985234,18.8,15.4,12.0,26.0,10.8,22.2,105.2,13.14,3,1.4,64.4,0,57,1,1,1.6,1.6,1.8,0,5.4,5.8,1.2,7.7,4.9,5.3,30.4,56.5,1.5,7.3684210526316,2.79,2.66,2.95,2.82,1.11,0.13,2.26,2.79,2.63,2.45,2.50,2.68,2.61
22-47-0002-10,1.00,5.0,10.0,13.0,16.0,19.0,12.0,75.0,4.87,0,2.44,0,0,1,1,600,560,73.57,1,1,1,2,2,2,2,1,2,6,40,63.9,43.2,23.54,0,23,23,2,1,8,1,1,1,1,1,2,1,2,2,2,2,1,2,2,1,36.9,9.6,9.6,1231,102,347,25210609,19505950,985234,18.8,13.8,11.8,22.2,9.2,20.8,96.6,14.2,4.4,1.8,49.6,0,66,1,1,2.2,2.8,2.6,0,4.3,4.1,3.8,6.3,4.3,4.9,27.8,39.388888888889,1.7222222222222,20.777777777778,2.00,2.28,2.00,2.11,2.28,1.56,2.39,1.94,2.00,2.17,2.11,2.50,2.44
22-47-0002-11,1.00,7.0,10.0,9.0,21.0,21.0,14.0,82.0,1.43,0,0.48,0.48,3.8,1,1,560,73.57,73.57,1,1,1,2,1,2,2,2,1,1,48,82.1,13.2,29.5,0,21,3.85,1,1,8,1,2,1,2,1,2,1,1,2,2,2,2,2,2,1,31.1,7.7,9.6,2105,557,1023,25210609666,19505950165,985234428,20.4,16.4,9.4,21.8,10.0,20.8,98.8,14.2,3.2,1.8,44.2,0,79,1,1,2.2,2.2,2.2,0,4.9,5.5,2.3,7.5,4.8,5.0,30.0,46.522727272727,1.3636363636364,14.295454545455,2.59,2.32,2.86,2.61,1.64,0.66,2.48,2.59,2.43,2.27,2.52,2.68,2.32
22-47-0002-12,1.00,7.0,9.0,12.0,20.0,20.0,14.0,82.0,1.16,0,0.39,0.39,3.48,1,1,600,560,73.7,1,1,1,2,1,2,2,2,2,1,48,88.2,10.7,31,0,31,4,1,1,8,1,1,1,1,1,1,1,1,2,2,1,1,2,2,1,30.1,5.8,5.8,2584,589,835,25210609666,19505950165,985234428,20.6,13.4,12.6,19.0,8.2,18.8,92.6,7.2,4.5,1,67.2,0,68,1,1.4,2.2,2.2,2.8,0,5.7,5.6,1.7,8.0,5.4,5.8,32.3,58.928571428571,1.5,26.142857142857,2.86,2.86,2.71,2.93,1.29,0.43,2.79,2.50,2.71,2.64,2.79,2.93,2.86
22-47-0002-13,1.00,5.0,9.0,13.0,20.0,20.0,14.0,81.0,0.82,0,0.41,0.82,0.82,1,1,600,560,73.57,1,1,1,2,1,2,2,2,2,1,48,90.2,15.8,35,0,35,4,2,1,8,1,1,1,2,1,2,1,1,2,2,2,2,2,2,1,32.5,8.2,9.6,2446,153,549,25.21,19.505,985.234,18.2,14.8,11.4,22.2,9.2,19.6,95.4,13.2,4.8,1,53,0,58,1,1,2,2,2.4,0,5.0,5.2,1.3,7.1,4.2,4.9,27.7,51.675675675676,1.3513513513514,17.189189189189,2.54,2.46,2.59,2.65,1.08,0.24,2.41,2.38,2.35,2.03,2.14,2.51,2.35
22-47-0002-14,1.00,6.0,12.0,10.0,23.0,21.0,13.0,85.0,4.89,0.75,0,0,0.75,1,1,600,560,73.57,1,1,1,1,2,2,2,2,2,1,48,76.8,15.4,31.5,0,31,6,1,1,8,1,1,1,1,1,1,1,1,2,2,2,2,2,2,1,30.5,5.9,0,2659,527,2659,25210609666,19505950165,985234428,19.6,15.4,9.8,21.8,9.8,21.2,97.6,7.6,3.8,1.4,57,0,57,1,1.2,2,2.4,2.4,0,5.1,5.8,2.5,7.9,4.4,4.8,30.5,47.655172413793,1.1034482758621,7.1379310344828,2.62,2.48,2.90,2.86,1.83,0.69,2.62,2.66,2.66,2.24,2.17,2.55,2.24
22-47-0002-15,1.00,6.0,10.0,10.0,20.0,17.0,12.0,75.0,1.25,0,0,0,2.91,1,1,600,560,73.57,1,2,1,2,1,2,2,2,2,1,47,83.6,9.8,0,0,35,3,1,3,8,1,1,1,1,1,2,1,1,2,2,2,2,2,2,1,31.2,6.7,9,9.6,254,1029,25210609666,19505950165,985234428,21.2,15.6,13.4,24.8,9.6,21.0,105.6,8.6,3.8,1.4,51.2,0,65,1,1,2.2,2.6,2.8,0,5.4,5.5,1.9,7.7,4.8,5.0,30.2,55.4,1.28,13.4,2.76,2.64,2.68,2.80,1.52,0.36,2.64,2.56,2.48,2.16,2.60,2.76,2.28
22-47-0002-16,1.00,8.0,11.0,12.0,24.0,22.0,16.0,93.0,0,0,0,0,0,1,1,600,560,73.57,1,1,1,1,2,2,2,2,2,5,37,38.4,13.3,32.77,0,33,0.77,2,1,8,1,1,1,1,1,2,1,1,2,2,1,2,2,2,1,32.1,8.1,9.6,187,28,132,25210609,19505950,985234,20.8,13.8,10.6,20.4,9.2,20.6,95.4,12.6,2.8,1.4,57.6,0,111,1,1,3.2,4,3.6,0,4.2,4.8,2.6,5.8,5.0,4.6,27.0,47,1.4,8,1.80,2.40,2.40,2.40,2.20,0.40,1.20,2.40,2.20,2.60,2.40,2.20,2.40
22-47-0002-17,1.00,5.0,8.0,2.0,12.0,17.0,14.0,58.0,2.92,0,11.66,0,0,1,1,600,550,73.7,1,2,1,1,2,2,2,2,2,9,6,66.1,8,25,0,19,0,2,1,8,1,1,1,2,1,2,1,1,2,2,1,2,2,2,1,36,10.6,0,343,285,55,0,0,0,18.0,13.2,13.0,20.8,10.0,20.6,95.6,11.6,4.4,1.8,56,0,30,1,1,2,2.8,2.8,0,5.2,5.6,4.5,8.4,5.4,5.1,34.2,41.181818181818,1.2727272727273,4.0909090909091,2.45,2.73,2.73,2.91,2.73,1.82,2.82,2.73,2.82,2.55,2.82,2.91,2.18
